Amount,Frequency,Recency
0.0,2,325
4309.999999999997,182,1
1797.24,31,74
1757.55,73,18
334.40000000000003,17,309
1545.4100000000005,95,35
89.0,4,203
1079.4,58,231
459.4,13,213
2811.4300000000007,59,22
6207.669999999996,131,32
1168.06,19,1
6245.530000000006,254,7
2662.0600000000004,129,51
189.89999999999998,10,286
5154.580000000002,274,2
552.0,23,109
1313.1000000000001,85,7
320.69,23,290
168.9,11,3
3545.689999999998,167,50
1887.9600000000003,63,44
1298.0400000000002,52,71
364.6,14,310
742.93,33,24
455.42000000000013,18,2
1628.1199999999997,77,314
4008.6200000000013,219,129
850.2899999999996,41,81
2720.56,105,21
1803.9600000000005,91,4
1839.3099999999997,100,184
566.16,30,28
401.90000000000003,10,337
2780.6600000000003,100,15
549.8399999999999,32,79
460.88999999999993,100,21
1582.6000000000004,64,71
1272.48,27,63
2998.279999999999,159,15
2409.9000000000005,126,35
1635.6599999999999,85,45
1108.65,59,118
84.3,5,302
225.6,11,322
409.7,6,49
1710.3900000000006,54,148
3280.7500000000014,108,21
1708.1199999999997,77,49
2842.57,113,32
11056.930000000004,114,78
681.0799999999999,28,300
1226.8799999999999,61,74
694.15,40,66
562.41,18,216
123725.44999999987,778,23
3578.8,198,2
668.5799999999997,34,112
600.3900000000001,29,63
806.2700000000002,46,15
803.5599999999998,39,95
1849.1100000000001,126,0
1760.9599999999998,30,162
777.1999999999999,36,77
582.7299999999999,30,194
708.3700000000001,35,11
7877.200000000004,300,25
3750.400000000001,97,8
256.4,11,42
6416.389999999999,240,35
5059.3200000000015,108,42
13375.869999999992,420,0
765.1899999999999,54,84
7829.889999999998,36,79
509.01000000000005,16,99
4896.659999999998,201,1
2906.8500000000004,98,13
173.55,11,366
172.06,12,2
5005.46,177,20
133.4,4,21
1002.3099999999998,58,57
476.49,26,242
449.4500000000001,22,43
4067.2900000000013,191,21
197.88,8,155
8933.519999999999,355,10
428.57000000000005,23,16
707.0899999999999,43,133
-5.684341886080802e-14,30,52
2466.859999999997,90,72
3153.889999999998,129,43
1917.78,68,57
947.4000000000001,38,70
826.8800000000001,35,93
1124.0099999999998,72,1
1303.6299999999997,88,45
1212.0499999999997,29,9
733.8900000000001,51,7
724.04,40,142
18740.91999999994,531,1
6229.480000000004,391,30
2848.2299999999996,179,28
7116.47,457,16
723.38,36,53
6546.580000000007,264,0
13117.009999999993,308,22
680.9900000000002,36,3
477.30000000000007,35,3
3281.6300000000015,154,27
5590.8600000000015,218,22
2327.130000000001,81,16
4495.27,350,32
1298.6599999999999,55,9
334.92999999999995,15,335
5417.9299999999985,245,4
460.4000000000001,26,38
263.21,20,62
416.79,23,165
1139.3500000000008,84,9
1043.1,14,81
403.7,23,20
4206.2699999999995,65,22
2089.68,160,314
3723.87,147,95
-1126.0,1,337
114.00000000000003,15,17
-4.5,1,300
73.50000000000003,23,232
1258.06,23,133
398.27000000000004,69,25
176.5,7,283
982.57,33,142
138.03000000000006,34,65
586.7900000000001,36,84
1017.6800000000002,51,266
383.7,16,352
1312.06,26,77
2464.8899999999994,286,27
2056.8899999999994,124,0
340.84,18,63
2582.5099999999998,155,78
599.6800000000001,38,142
192.72000000000003,12,38
1745.5700000000006,110,1
4485.719999999999,144,8
1316.6600000000005,71,0
348.71000000000004,18,81
1922.2800000000009,95,8
1623.6299999999994,68,59
125.22,17,14
349.83,16,29
1089.18,63,130
716.3500000000001,34,91
4106.820000000003,273,7
363.95,21,28
3852.4999999999986,274,21
13309.039999999992,481,19
981.1800000000002,52,29
355.7,20,29
1000.3899999999999,50,74
1141.5,70,46
207.8,8,197
95.19999999999999,5,165
964.8299999999994,57,78
168.0,10,357
437.81999999999994,20,38
3652.2500000000014,196,7
603.7099999999997,121,49
11990.96,33,15
2.6645352591003757e-14,22,1
536.2099999999999,22,310
2101.3900000000003,111,4
238.85,16,302
3781.7400000000025,168,7
456.9000000000001,21,260
131.17,10,281
346.70000000000005,20,72
9114.939999999993,463,22
4064.989999999999,191,1
519.6099999999999,34,39
1004.7200000000003,62,8
160.54,28,226
218.45000000000002,11,315
1306.9799999999998,89,35
595.4000000000003,148,34
2753.3599999999988,120,20
410.71999999999997,31,72
415.7,24,246
197.70999999999998,15,39
511.3599999999999,22,238
7187.339999999993,251,2
1893.9500000000005,126,3
1982.809999999999,97,233
179.94,12,16
144.0,4,7
214.9,10,38
646.6800000000001,35,28
9861.380000000003,70,189
452.84999999999985,26,316
437.59999999999997,18,91
418.09999999999997,21,108
3320.2199999999984,119,37
618.27,27,50
3683.1300000000015,214,18
3002.679999999999,133,9
1032.5800000000006,62,28
2581.0400000000004,65,28
569.5600000000001,29,189
153.12000000000003,12,58
739.1999999999999,3,21
254.17999999999995,16,78
-7.5,3,364
3.339550858072471e-13,202,57
1126.8500000000001,60,77
2057.9900000000007,111,22
1193.32,65,51
643.5900000000001,21,57
3218.979999999998,163,30
315.59999999999997,20,277
2291.1900000000005,105,1
657.25,36,84
355.5300000000002,42,28
177.31,11,21
3214.81,95,15
1339.4099999999999,92,14
13612.069999999998,474,1
180.09999999999997,11,231
305.1,18,275
641.1300000000001,38,105
2614.3199999999997,91,211
6388.3499999999985,307,22
4478.53,230,10
769.6099999999998,43,3
1270.8799999999999,64,9
640.5000000000002,31,56
2140.6299999999997,103,58
1689.18,101,89
5953.25,394,66
671.69,39,32
486.1,22,238
1174.58,53,23
185.9,10,114
1013.26,47,24
3344.6400000000003,24,127
477.9100000000001,31,129
1755.3800000000006,74,33
1346.9700000000003,45,4
3669.9200000000005,128,21
318.05,21,154
603.7099999999999,33,106
314.44,20,2
114.00000000000003,9,334
914.5299999999997,51,321
2209.8500000000004,43,148
601.98,38,10
3982.720000000002,130,16
1152.06,56,10
686.0500000000001,36,18
91.68,5,29
245.10000000000002,13,10
3817.079999999998,232,0
4863.879999999999,38,7
61.75,4,324
-227.44,2,358
620.13,33,57
3743.180000000002,168,6
1607.7300000000002,102,150
2986.1500000000005,94,9
225.9,10,329
610.52,42,4
1919.3100000000002,91,11
1331.3900000000006,45,24
17588.260000000002,167,41
1058.67,56,51
862.81,52,0
13677.59,646,14
12288.219999999998,525,3
8221.09,362,3
2283.6299999999997,105,7
2863.0800000000004,157,27
89.14,7,371
4873.810000000005,171,113
1247.61,72,25
389.00999999999993,16,205
1035.8,32,27
830.9599999999997,41,120
869.6699999999998,37,69
582.1,27,6
939.02,43,20
4867.990000000006,270,7
797.7099999999999,53,79
219.0,12,19
274.69999999999993,22,63
2220.84,90,6
6814.240000000004,348,14
603.42,33,291
2616.320000000001,174,29
9294.099999999993,257,2
1130.5700000000006,79,96
4241.629999999999,142,22
848.5499999999998,38,0
4708.859999999994,259,8
353.85999999999996,21,105
1053.4899999999996,69,3
980.98,56,150
238.25000000000003,19,70
608.0999999999999,42,4
5713.2800000000025,359,2
2628.980000000001,164,31
904.33,57,84
725.0699999999998,69,3
1031.4099999999999,53,4
427.79999999999995,24,370
2609.1000000000004,124,27
3947.7000000000003,141,10
836.3299999999999,46,70
453.0100000000001,26,113
18793.410000000007,277,23
236.2600000000001,12,179
383.95,22,233
110.39999999999999,4,352
779.5699999999998,43,314
234.00000000000003,4,332
155.35,11,371
1013.0400000000001,38,77
427.5999999999999,27,63
546.4299999999997,134,133
9120.39,229,51
4196.010000000001,103,1
29072.100000000413,4642,0
3868.2000000000016,231,3
275.88,15,128
4366.779999999999,53,80
21024.010000000002,230,3
2949.12,65,235
2203.1999999999994,6,249
112.08000000000001,4,86
4227.7000000000035,377,15
2791.590000000001,97,116
1531.4400000000007,95,51
1898.5200000000004,69,7
494.08,18,137
1693.8800000000003,45,316
6989.629999999999,310,3
1143.6000000000001,32,238
1351.4499999999998,12,210
892.4700000000004,55,59
1351.2400000000002,67,16
804.2300000000001,51,19
3868.700000000003,159,20
707.72,30,20
2273.3200000000015,107,4
1603.8699999999997,86,1
574.42,59,8
305.71,15,2
463.65999999999997,20,9
91.85000000000001,4,64
324.9200000000001,21,191
192.60000000000002,2,373
400.54,25,256
545.48,24,334
860.4099999999999,45,52
430.4800000000001,14,18
194.18,17,359
6977.039999999999,8,9
412.5799999999999,26,183
483.65000000000015,28,36
484.36,26,167
514.85,31,260
229.63999999999993,15,44
125.92,2,101
1063.46,47,147
572.2,29,95
166.04,4,280
1517.8799999999999,16,177
942.3399999999999,59,2
92.72,6,213
918.9799999999999,47,70
1759.5,5,74
397.11999999999995,25,59
1468.1199999999997,94,2
430.15,25,5
1018.7100000000003,56,2
253.05,12,321
6748.4000000000015,39,37
215.05,9,261
383.03000000000003,27,31
417.37999999999994,24,144
312.38,18,282
2612.8599999999988,175,58
134.1,12,172
683.1299999999994,123,33
5583.620000000003,316,2
2714.269999999999,116,143
3876.399999999998,439,4
1118.99,34,69
1680.76,108,65
325.9599999999999,52,28
354.09000000000003,27,266
871.5399999999998,91,21
1050.8899999999999,51,30
135.17999999999995,50,96
299.75,20,289
1881.6999999999998,84,107
1289.1500000000003,115,78
38.1,3,372
2162.680000000001,317,7
1106.4000000000003,46,210
504.20000000000005,6,51
147.12,3,137
1548.0699999999993,96,25
559.1199999999999,26,282
3986.2199999999953,551,25
1607.0600000000009,107,185
-14.899999999999999,2,365
380.64000000000004,11,83
599.9699999999998,66,326
374.0,4,281
343.2300000000001,2,142
2218.0200000000004,85,57
1535.7700000000007,154,3
841.6399999999999,49,17
552.57,12,44
298.0,7,275
1463.0399999999995,13,8
703.4700000000001,42,24
309.05000000000007,7,87
1158.2699999999995,72,62
1351.0900000000001,86,67
313.77,7,213
380.46999999999997,82,23
331.0,3,185
188.14,34,30
347.29999999999995,24,41
216.5,4,204
16293.099999999997,125,8
138.68,10,264
509.57999999999976,72,17
2919.809999999999,63,11
246.0,4,58
2128.83,96,39
3075.0400000000013,75,22
1662.3,24,2
2483.6299999999997,50,4
363.65,22,148
2982.350000000001,109,138
594.0,2,127
1301.4399999999998,52,7
164.23000000000002,28,16
16389.740000000016,741,3
405.38,28,160
176.97,29,63
929.9500000000003,31,87
694.0499999999998,45,4
2062.6999999999994,84,34
105.10000000000001,9,121
409.90000000000003,27,77
33462.810000000005,102,21
606.2799999999999,107,23
2156.4499999999994,130,1
1012.9000000000003,63,16
1504.2700000000004,120,14
114.14,9,25
11581.8,47,63
876.29,103,45
683.9000000000001,75,130
-3.75,1,300
604.51,30,35
462.95000000000005,23,287
1407.29,103,143
2053.7,118,15
4143.020000000001,219,30
1843.0,23,1
1042.0700000000002,65,8
1382.8400000000004,80,5
329.84999999999997,17,9
4734.259999999999,183,0
108.07,19,305
3979.0400000000022,244,3
266.39000000000004,16,6
1841.0299999999995,96,7
771.9099999999996,109,88
160.18,10,9
1194.7500000000002,33,2
135.95,5,111
452.23999999999995,151,6
10930.259999999998,308,3
144.8,8,197
738.6,22,211
39.24,9,155
7092.06,24,155
372.21999999999997,20,29
377.2,34,239
97.5,4,18
1215.6200000000001,78,0
545.0,30,73
535.32,92,291
6854.509999999997,68,2
409.50000000000006,13,30
503.76,31,22
414.75999999999993,27,22
902.2200000000001,73,3
200.72,5,77
1197.94,67,21
455.8799999999999,28,195
534.8500000000001,31,106
9797.920000000013,342,3
120.94999999999999,7,317
149.05,6,105
5613.429999999999,409,11
468.95000000000005,29,173
81.57,4,55
178.47,15,322
50.550000000000004,3,371
1311.6200000000008,107,8
4786.990000000001,222,0
3365.4300000000003,124,2
3346.2800000000016,176,52
789.8899999999996,47,72
204.0,1,6
7272.749999999996,459,15
2584.3999999999996,134,3
689.9000000000001,40,63
936.1499999999997,43,0
6912.0,26,113
659.6800000000001,47,22
1247.5,10,30
799.4800000000001,99,10
996.5199999999999,75,38
190.54999999999998,11,356
642.77,37,54
886.6300000000001,30,57
881.07,48,137
908.46,28,79
676.9900000000001,43,8
471.57000000000005,14,253
560.4700000000001,33,290
305.28,18,98
629.31,35,30
3079.1000000000013,196,31
1805.9099999999994,137,13
656.6800000000002,14,63
5684.610000000003,422,8
348.15000000000003,18,211
1201.96,78,63
271.4,8,24
183.4,8,249
307.53000000000003,15,253
248.61,10,71
346.98,11,190
1119.4900000000005,69,12
205.85999999999999,14,372
430.9000000000001,49,23
115.46000000000002,15,81
344.0,2,9
3717.819999999998,470,0
228.8,9,191
177.14999999999998,7,266
919.61,22,129
729.2700000000001,112,0
12432.279999999997,380,0
220.09999999999997,6,3
58.08,6,178
27964.480000000047,1061,0
3595.4800000000005,75,125
303.75,18,3
272.38,29,157
57385.880000000114,1857,2
8689.390000000003,161,8
319.82,24,20
459.83,26,70
7741.47,170,266
1708.8600000000006,30,20
74.4,6,70
5893.319999999993,437,32
28658.880000000012,605,0
207.35999999999999,1,98
101.18999999999998,8,233
6336.290000000001,310,0
243.94,8,39
1098.48,20,2
59.5,2,128
1524.0700000000004,60,43
350.05999999999995,10,372
766.84,50,2
1452.8700000000006,146,30
10510.000000000007,280,0
2205.6300000000006,132,8
485.19000000000005,31,116
984.9099999999996,76,21
1124.9999999999993,82,19
30.599999999999998,1,238
254.7299999999999,53,268
922.3900000000002,55,93
3866.3299999999977,235,89
2056.29,142,4
259.16999999999996,15,77
64.0,2,93
1039.2999999999997,46,22
77.3,3,261
109.80000000000001,7,273
1740.6299999999999,105,72
3096.0,1,196
2545.3800000000006,139,49
3605.0799999999995,705,10
962.3900000000001,63,21
5055.790000000004,174,15
423.71999999999997,46,107
2385.7999999999993,136,84
307.0899999999999,23,18
110.94999999999999,3,332
614.77,7,39
228.91,17,25
712.8000000000001,4,9
3348.4799999999996,347,28
1676.0599999999997,86,13
1250.3700000000003,75,202
486.22,15,5
-611.86,1,143
971.76,85,32
1721.5699999999993,89,48
1201.0600000000004,79,94
1379.7500000000007,122,8
91.8,4,21
112.75,8,312
1644.9899999999996,82,121
1021.4799999999999,42,45
414.69999999999993,42,281
791.3300000000002,65,18
1310.14,133,35
712.88,13,63
116.01000000000002,32,26
426.8099999999999,48,7
353.65000000000003,43,3
2817.0300000000007,314,15
492.8400000000001,72,45
282.45,17,64
5725.470000000003,265,25
121.17999999999999,11,44
3957.7800000000016,94,7
1648.7900000000009,183,14
71.4,1,267
1539.6900000000003,84,39
236.01999999999995,37,336
114.60000000000001,2,10
260.68,29,18
911.9400000000002,63,94
117.88000000000001,29,60
60.7,3,135
1797.78,110,10
3384.0899999999974,229,9
9803.960000000003,120,3
870.09,46,18
869.4599999999999,57,9
250.26000000000002,8,14
1205.8999999999999,150,58
5820.16,329,29
353.47999999999996,22,93
1197.4199999999998,56,9
780.5799999999998,143,8
1518.4300000000003,92,56
333.74,5,267
133.62000000000003,7,121
62.64,5,126
819.29,21,77
847.4100000000001,66,239
163.20000000000002,5,199
2150.8499999999995,109,59
6083.040000000002,34,2
108.21000000000001,16,272
257.7,9,201
358.0,2,80
160.95,10,225
2763.4100000000008,612,3
1357.6000000000015,207,12
605.1200000000001,43,73
101.16999999999973,59,211
727.2700000000001,39,24
680.8300000000002,32,10
329.56,22,261
663.6500000000001,67,95
270.40000000000003,13,111
600.07,58,202
121.74000000000001,27,92
430.5,16,50
1922.1000000000008,143,17
501.12,25,17
465.6799999999999,26,124
711.41,23,91
1030.3999999999999,36,156
390.65999999999997,14,3
0.0,1,13
698.5799999999999,38,11
292.3199999999999,87,61
557.6200000000001,8,60
944.1,9,268
200.29000000000002,11,262
7454.069999999956,1677,0
2107.6600000000008,91,52
3717.6699999999996,202,10
4404.440000000001,224,2
3167.639999999999,447,17
5315.919999999999,320,0
590.0,1,365
178.25999999999988,101,36
276.56000000000006,15,30
138.97999999999996,16,112
590.93,30,63
258.4,8,15
542.73,46,40
126.3,11,63
814.8600000000001,85,121
1047.84,40,17
93.66,7,59
196.15,14,322
2709.1200000000003,187,22
361.10999999999996,42,155
578.9399999999999,31,38
873.7399999999998,54,189
197.95,11,359
87.4,5,136
2089.8500000000004,59,7
360.0,2,0
142.5,5,267
365.2900000000001,22,164
618.0899999999998,81,103
63.75,1,154
300.4199999999999,21,350
2000.8599999999992,81,3
15.0,1,119
1367.6100000000001,57,22
1456.7899999999993,107,6
1083.63,77,8
598.57,26,3
1555.3199999999993,78,21
578.6600000000001,75,1
5815.490000000002,88,36
2140.0699999999993,135,63
640.76,20,0
10664.33999999999,500,4
1491.7000000000003,110,69
567.36,11,71
199.48,25,16
787.85,21,2
7072.799999999994,77,31
675.3,12,81
3617.5699999999983,109,38
1308.48,17,315
740.3999999999999,19,31
1140.9299999999996,53,92
350.9,21,13
3536.819999999998,268,81
795.12,51,76
431.82,24,153
860.1200000000002,54,200
10736.47999999999,134,44
775.8499999999999,42,260
303.93,22,172
2543.720000000002,119,67
377.6000000000001,22,276
341.36,8,69
233.76,14,63
247.31999999999996,16,10
910.7199999999998,43,15
373.94,16,65
389.2800000000001,27,7
743.5300000000003,51,70
674.7,32,121
768.2400000000001,42,79
609.9500000000002,90,256
439.03000000000003,29,268
431.25999999999993,24,58
3085.4899999999984,169,2
992.5000000000002,60,17
2.1316282072803006e-14,20,66
2191.220000000001,132,8
56.160000000000004,1,49
623.4,29,256
263.75000000000006,19,353
721.3200000000003,44,365
378.64,23,89
3312.2500000000005,158,60
772.8999999999997,38,80
1019.7600000000003,53,98
572.5599999999997,97,25
3626.8100000000004,173,20
222.99,15,280
4122.28,155,30
534.5700000000002,35,329
627.1500000000001,36,120
797.96,51,10
544.0799999999999,13,74
59.8,1,203
2312.7999999999997,164,1
307.72,21,184
1325.2899999999997,47,21
1539.1799999999998,39,72
457.3400000000001,26,191
621.2300000000002,39,126
75.0,3,17
252.48999999999998,11,0
572.4509999999999,27,73
27487.409999999985,501,1
988.9100000000001,30,8
213.55000000000004,18,106
1390.5,24,133
712.5000000000001,19,43
640.83,28,4
5845.439999999999,314,11
221.05999999999995,16,63
140.35,10,134
1848.9799999999993,105,39
2601.5500000000006,128,50
1624.2099999999998,78,107
3550.6999999999975,159,0
582.6,29,18
218.46999999999994,74,9
1006.8000000000001,67,10
648.6899999999998,54,18
1269.0999999999995,46,66
534.24,10,73
3794.49,103,4
196.88999999999996,12,1
3408.0599999999995,167,13
283.71,54,254
296.64000000000004,13,91
1104.2300000000002,62,22
3465.6700000000023,199,16
291.88,19,23
2043.7200000000003,71,26
2916.45,444,25
590.0,2,258
356.98,17,165
1007.3499999999997,53,24
1737.8199999999997,65,17
9537.919999999998,394,6
183.44,17,28
1445.0000000000002,27,38
143.25,10,182
674.6800000000002,41,57
297.95000000000005,18,99
1083.71,99,10
5656.750000000002,306,1
165.0,10,98
2531.579999999998,260,0
417.53999999999996,22,60
229.58999999999997,64,235
1431.7800000000009,86,190
1092.7699999999998,61,178
1441.529999999999,81,37
291.0,16,197
1776.809999999999,112,45
184.64,11,231
140.34000000000003,10,65
313.79999999999995,8,240
454.24,23,232
1122.4099999999999,69,77
575.4000000000001,34,57
8910.609999999999,427,16
449.52,14,104
1215.82,86,51
1269.8400000000006,50,135
618.63,8,274
316.26,18,311
1990.1199999999994,52,7
617.93,36,10
321.04999999999995,20,282
1146.96,45,17
1136.7700000000002,67,22
1310.4699999999998,53,242
292.0,18,16
216.84999999999997,17,70
295.93,22,63
4282.879999999999,227,67
452.82000000000005,29,311
2479.159999999999,162,2
110.97,12,243
979.7200000000001,44,8
1785.1599999999983,117,0
251.20999999999998,15,260
205.09999999999997,10,126
152.20000000000002,4,73
891.1200000000002,59,72
1389.4100000000003,44,20
2109.0699999999997,143,59
659.4399999999998,38,85
110.8,9,49
3487.749999999999,95,58
1093.6500000000003,436,0
125.80000000000001,5,29
3755.3800000000006,177,32
680.1800000000001,27,40
628.78,6,14
2263.76,224,33
307.76,15,78
483.8000000000001,22,204
210.30999999999983,66,33
270.79000000000013,76,182
5613.080000000015,342,1
3448.2899999999986,179,0
1280.85,25,42
605.8400000000001,38,85
291.4099999999999,87,39
626.9899999999999,98,11
682.41,124,95
916.1199999999999,52,25
91.80000000000001,4,318
3539.530000000001,121,65
4149.2800000000025,136,73
584.0600000000001,34,27
605.0599999999998,175,5
174.37000000000003,33,6
141.86,14,215
1799.3299999999988,82,81
777.5300000000001,49,83
647.7400000000006,85,143
240.22000000000006,38,18
874.7099999999997,176,40
192.85000000000005,44,172
373.74999999999994,85,16
239.49000000000004,27,242
2092.32,341,12
1384.25,33,205
294.4,26,49
732.0699999999997,46,22
6703.3,130,9
1658.2999999999988,85,24
467.03999999999996,23,14
117.99999999999999,10,308
781.0300000000002,53,155
142.40000000000003,24,306
347.0,11,31
2445.119999999998,180,15
379.65000000000003,21,14
1976.1199999999992,89,10
1117.1300000000003,58,64
247.95999999999995,16,35
1990.2800000000009,129,107
396.96999999999997,26,52
697.04,166,5
167.4200000000001,41,46
5030.5999999999985,264,0
219.51999999999998,19,311
693.3200000000002,99,44
428.88999999999993,23,64
164.34,27,25
280.53999999999996,43,28
678.0099999999996,98,39
1115.4300000000005,228,11
1158.2000000000003,76,88
1610.460000000001,201,23
399.9900000000001,24,312
544.18,44,39
177.34000000000003,13,173
213.85,19,116
672.4400000000002,86,30
257.22999999999996,19,252
1624.0200000000002,94,58
7792.36,59,22
1995.6799999999998,80,4
3021.77,12,99
2117.02,147,24
1575.1600000000003,188,32
1071.0300000000002,62,67
941.6199999999999,64,36
810.4999999999998,101,51
122.64000000000001,8,15
1033.3400000000001,40,73
354.7999999999999,66,215
519.44,28,30
2597.5200000000013,148,8
252.1,5,119
1670.22,80,9
346.6000000000001,23,256
1809.34,98,16
94.2,6,34
1095.08,63,45
2707.329999999999,166,42
932.9700000000004,56,113
379.65000000000003,49,164
382.13999999999993,16,10
2421.470000000002,112,9
1550.8500000000008,108,196
879.08,58,85
189.47,13,178
84.65000000000002,12,59
305.0199999999998,87,148
6216.069999999984,501,2
218.55,9,50
349.70000000000016,25,74
-71.45999999999998,16,300
396.9199999999999,65,18
486.82000000000005,25,150
232.60000000000005,16,151
2202.3099999999995,216,0
827.83,57,17
59.5,3,186
64.23000000000002,31,285
3119.4400000000014,39,2
72.0,8,182
910.0,6,62
172.25,9,58
1466.8700000000006,55,24
-32.0,4,324
62653.10000000003,585,3
2504.1299999999987,90,30
151.3,12,38
308.58,14,154
2265.119999999999,197,25
99.5,1,317
2295.3099999999986,135,4
711.8600000000001,28,7
330.78999999999996,20,302
806.4100000000004,48,266
296.87999999999994,51,270
6249.110000000003,346,3
180.48000000000002,8,31
252.06000000000003,13,218
228.83999999999997,10,246
1053.9399999999996,108,280
138.28,21,268
1432.2600000000002,103,31
306.55,12,245
1041.68,60,14
799.8999999999999,43,116
524.14,28,35
2369.1600000000008,86,119
199.85000000000002,6,216
1809.8100000000002,118,49
1079.6600000000003,42,38
333.4800000000001,20,28
1016.1399999999999,63,36
752.5999999999998,43,135
610.5899999999999,38,218
491.86,33,27
2766.179999999997,208,24
724.0,194,4
339.59999999999997,30,199
216.9,3,17
350.75,23,240
666.33,35,71
3102.420000000001,323,16
1340.1499999999996,42,2
1156.36,72,94
291.53999999999996,26,150
79.6,1,373
948.2499999999998,28,95
1647.2599999999998,24,53
296.24999999999994,9,287
1186.2800000000002,76,123
741.26,35,287
282.6,12,151
2154.680000000001,343,3
5145.119999999995,143,1
3190.550000000001,117,11
659.41,25,32
286.78999999999996,57,53
1070.65,70,49
4.263256414560601e-14,14,203
1689.4599999999998,17,62
1521.7600000000002,208,70
16945.71000000001,399,1
2771.869999999999,143,1
2631.700000000001,120,63
1132.13,177,33
344.99999999999994,22,81
25748.349999999984,219,0
178.7,9,102
360.01,57,6
127.84000000000002,17,250
911.9999999999992,115,12
2462.7899999999995,31,9
230.4,7,366
309.04,31,75
348.79999999999995,45,3
1047.68,17,42
195.54999999999995,13,65
36351.41999999996,439,0
688.8600000000002,39,116
558.3199999999997,33,309
324.79999999999995,23,66
3906.2700000000013,66,137
277.07000000000005,17,254
2635.7900000000004,137,30
924.5999999999999,13,51
256.38,10,63
112.6,7,366
1747.66,76,5
155.05,12,304
899.5099999999998,36,28
591.75,14,183
538.9999999999999,36,41
1353.4099999999996,71,39
1562.1200000000001,58,55
4014.9099999999985,177,21
555.04,33,23
382.9799999999999,24,28
1140.35,36,301
385.64,59,144
632.0000000000001,96,5
957.6600000000001,40,18
1698.9399999999998,46,32
174.65,12,157
412.0499999999998,93,57
209.49000000000004,15,21
-102.0,1,358
2202.99,74,15
40.949999999999996,4,17
384.7999999999999,29,158
834.57,55,24
271.24000000000007,19,211
691.7299999999999,174,5
85.0,1,252
3385.619999999999,206,58
361.62,20,10
312.98,9,64
847.6100000000004,58,24
1255.0,5,91
1537.95,101,51
1586.8099999999995,94,87
2651.46,81,95
1056.94,24,8
8025.0199999999995,114,8
363.4,17,168
216.16999999999996,11,56
201.16,28,325
1240.0000000000005,77,0
2187.3100000000013,142,17
299.56,22,244
501.56,30,57
145.67,7,73
1015.2900000000002,61,30
3192.54,33,6
3104.9500000000035,307,122
2751.250000000001,118,1
6389.800000000004,338,22
381.70000000000005,24,119
540.45,18,357
1786.7900000000004,104,53
122.69999999999999,7,63
117.24000000000001,3,85
1281.53,36,54
3219.7700000000004,165,20
16989.519999999993,180,3
1131.28,66,2
2538.749999999999,155,0
781.3000000000002,60,6
506.8000000000001,28,188
243.56000000000003,16,70
349.54999999999995,19,203
605.63,40,119
416.9,15,92
1860.8599999999992,114,0
632.97,27,26
821.1,21,297
535.9699999999999,30,21
2588.1199999999994,119,20
311.15999999999997,17,49
155.93,12,325
388.52000000000004,19,15
740.9499999999997,43,182
2867.2,149,71
332.63999999999993,26,36
2347.0499999999984,126,79
2580.909999999999,148,56
613.9499999999999,34,3
272.04,18,49
1212.8400000000001,30,49
350.1600000000001,33,52
172.24999999999997,7,351
351.13000000000005,20,53
1682.0800000000004,137,1
616.6499999999999,45,35
223.85000000000002,11,22
348.99,21,74
464.56999999999994,27,10
802.8499999999999,10,168
337.3399999999999,17,57
1230.9300000000003,59,85
307.4,16,294
608.7899999999998,23,108
922.0999999999997,31,263
361.28,27,170
158.85,9,168
71.66,7,34
556.7499999999999,46,22
839.1400000000002,49,16
4912.41,47,21
561.57,11,78
90.6,5,64
101.99999999999999,3,360
2427.3199999999974,160,2
728.5600000000001,36,10
674.4499999999998,39,175
3246.091,138,210
3515.6800000000003,20,6
378.5899999999999,30,1
322.96,33,153
1026.4200000000003,152,4
-102.45,5,371
598.1999999999999,92,78
230.22,12,20
169.55,11,21
664.54,35,307
80.7,2,145
8986.69,633,6
2702.2199999999993,158,8
190.25000000000009,15,70
264.7,11,286
413.59,28,48
2503.2299999999996,340,30
357.9800000000001,10,206
196.79,15,14
869.8700000000001,54,72
200.14000000000001,11,59
1861.11,115,38
2590.46,112,29
488.03000000000003,17,26
7024.530000000005,353,3
320.46000000000004,13,16
4098.800000000001,239,19
1266.0799999999997,41,65
311.3,16,212
850.6299999999999,86,11
76.8,5,29
3409.6600000000003,125,31
2313.140000000001,155,3
1383.4899999999998,87,14
3865.2600000000034,212,9
633.71,16,205
2030.33,40,45
529.73,47,133
4582.639999999999,171,42
2874.7200000000007,84,9
962.1899999999999,30,115
685.9299999999998,44,197
328.8,11,277
473.02,34,109
505.18000000000006,39,76
917.34,20,52
4328.46,162,153
1398.9600000000005,68,46
642.8000000000001,39,16
631.9000000000001,22,154
440.0,28,224
584.0699999999998,31,6
327.7,16,121
104.82000000000002,6,60
467.65999999999997,15,62
2360.0899999999997,243,17
14634.639999999992,258,6
2929.840000000001,152,1
512.02,92,21
1428.0200000000002,66,28
626.6499999999999,38,284
147.20000000000005,28,175
1554.4799999999989,93,77
152.2,6,32
3542.1899999999996,241,40
141.41,21,265
652.8199999999993,209,26
1659.75,6,108
154.98999999999998,14,283
1290.0099999999998,34,8
375.1299999999999,88,276
5639.149999999996,505,16
746.3600000000001,54,31
15477.33999999999,215,0
225.35999999999993,56,19
260.25,4,123
92.46,6,64
725.6400000000001,10,105
8124.399999999982,1128,0
6147.4000000000015,291,23
183.59999999999997,8,266
6135.379999999998,203,4
10464.85,111,9
1188.3199999999997,82,28
152.55,7,266
374.69999999999993,52,63
265.85,24,319
1307.4100000000026,333,3
139.54,14,20
942.2599999999998,43,4
122.46999999999997,46,128
499.41999999999996,42,40
1049.3700000000003,65,101
375.09999999999997,12,124
45.599999999999994,4,32
904.67,156,266
182.24999999999997,29,364
1018.4299999999998,181,3
4435.789999999997,451,1
181.66999999999996,70,2
50415.49,590,9
161.0,14,56
76.32000000000001,1,324
4063.100000000003,217,7
442.8499999999999,105,11
57120.90999999968,5128,3
147.34999999999997,21,36
3092.9700000000003,252,15
194.9,26,137
5976.79,35,73
1314.7300000000002,84,4
216.20999999999998,21,154
1260.3300000000002,76,84
2688.48,124,51
594.1600000000001,35,30
80.19999999999999,14,22
5669.65,157,3
688.6,11,13
2774.1699999999964,173,22
1377.92,40,3
386.53,15,273
1382.7400000000002,72,19
90.0,3,143
-19.9,1,353
2740.3,161,3
419.58000000000004,5,83
2740.4300000000017,167,10
643.6300000000001,16,7
709.7099999999996,44,122
637.5000000000001,46,60
1123.86,52,1
483.85999999999996,67,318
3580.130000000001,201,1
590.3399999999999,30,129
4690.31,134,1
982.3800000000005,47,1
415.81999999999994,26,45
920.0499999999996,67,3
879.0300000000003,46,2
311.81000000000006,22,372
115.8,7,133
3148.2,12,46
2949.57,245,8
468.4,6,48
157.2,3,233
259.43000000000006,40,212
658.6400000000001,26,35
611.0900000000001,50,74
1345.6200000000003,52,238
118.75,6,265
113384.13999999985,1420,9
400.4300000000002,49,19
507.66000000000014,41,39
4678.299999999991,1212,19
1110.52,108,215
289.36000000000007,25,173
2445.9100000000008,52,86
1631.7700000000002,29,70
122.53999999999999,25,275
574.8399999999999,52,38
363.78999999999996,58,97
450.84000000000003,29,10
134.46,26,32
3108.0600000000018,164,50
574.0,32,296
554.46,43,84
1620.93,327,8
719.7799999999997,165,40
4640.769999999999,248,10
452.89,24,66
197.65,3,330
2018.91,71,8
4604.3099999999995,277,1
4660.010000000002,263,1
853.3900000000001,42,67
11216.74999999999,604,4
962.6999999999998,8,201
335.52,6,106
663.4999999999999,44,3
185.39999999999998,2,217
688.0400000000001,39,59
161.02999999999997,44,1
218.78000000000003,39,10
308.25999999999993,21,238
151.73999999999998,10,94
2067.1300000000006,88,10
1900.89,103,90
2208.2999999999997,118,52
1070.48,9,89
-1192.2000000000003,5,371
1000.2299999999997,70,30
1777.9200000000008,109,11
1839.3,59,2
1925.36,107,1
169.48000000000002,12,42
89.94,7,3
632.4,21,246
3427.849999999999,194,41
683.17,41,176
975.23,61,91
1050.1200000000001,118,109
2201.64,73,28
3315.710000000002,183,25
1450.6,43,51
822.0600000000001,54,178
2043.9300000000003,118,31
1447.5100000000007,36,43
775.4600000000004,159,21
3093.8599999999997,80,9
490.86,15,80
161.00000000000003,9,372
146.85,8,325
2323.5000000000014,116,42
890.3400000000005,42,29
213.70000000000002,10,183
280.55,16,234
2535.8799999999987,148,8
1677.4799999999998,112,175
1474.0600000000006,75,110
136.77,20,277
302.58,8,317
1904.0500000000002,111,6
2879.7000000000003,78,1
935.06,54,253
3087.27,107,50
12650.079999999996,112,8
120.0,5,141
1163.4499999999998,52,50
2618.230000000001,143,7
319.4700000000001,19,154
530.18,31,108
1279.0899999999997,66,150
492.6499999999999,29,331
112.32000000000002,10,225
437.96000000000004,33,73
559.9700000000001,29,50
1019.3899999999996,75,87
3957.000000000001,228,14
134.04,8,196
3729.3400000000042,156,2
578.4500000000002,34,30
1910.0100000000004,27,20
4595.809999999998,285,23
151.23,11,7
413.85,17,211
911.2599999999999,47,8
2307.4499999999994,103,10
3873.2999999999984,238,1
4819.329999999998,108,7
1046.5599999999993,61,2
154.7,7,39
1284.0599999999997,64,17
50862.43999999997,1640,2
2855.3499999999995,162,7
43.2,3,18
632.04,16,107
197.1,27,222
1803.76,110,70
2083.4199999999996,35,50
2995.7200000000007,180,88
2319.6800000000007,123,7
229.71000000000004,27,224
1611.5899999999995,87,46
120.0,8,106
2456.979999999999,104,20
508.58,24,64
343.11,42,206
1530.749999999999,123,10
574.2600000000001,41,114
166.85,9,234
311.65000000000003,12,162
4928.740000000004,269,8
462.65999999999997,28,123
866.3099999999998,26,22
351.45,19,63
2539.4600000000005,163,16
468.26,63,15
1614.9100000000008,90,16
554.2199999999999,34,157
289.91,18,234
134.7,6,218
2166.3799999999983,130,44
607.7100000000002,24,20
889.9300000000002,71,126
108.97999999999999,6,38
1021.5800000000002,60,120
409.57,18,259
133.50000000000006,31,9
258.7,21,270
51.0,1,164
1078.96,47,156
90.6,6,214
163.62,9,5
174.4,11,365
666.9399999999999,38,59
225.77000000000012,41,42
882.5800000000002,58,18
2128.23,118,31
161.20000000000002,41,21
3717.349999999999,69,108
9167.820000000007,533,7
155.00000000000003,8,319
100.5,4,294
76.55,4,357
257.67999999999995,75,184
617.05,11,190
348.1,46,43
202.6800000000001,56,51
626.07,131,25
1247.6899999999998,59,37
202.11,14,8
142.4,7,296
1770.5600000000013,140,32
3172.040000000002,191,8
999.7199999999998,62,8
4592.470000000003,291,9
67.94999999999999,5,217
3471.9100000000008,353,1
487.99,73,64
2556.6800000000007,95,0
559.7,26,140
4039.9799999999987,183,3
1426.3100000000002,26,129
1434.7200000000003,104,33
156.75,8,118
2111.0799999999995,76,106
2606.53,107,10
1908.2499999999998,55,70
576.2999999999998,287,15
1063.0,14,310
761.3300000000002,45,34
122.7,23,361
1485.1300000000003,98,91
5811.559999999999,612,0
490.22,14,21
1937.2500000000002,124,3
1058.0600000000002,206,10
385.87,30,84
813.11,27,56
4263.64,222,0
265.2,3,217
322.08,1,17
3918.9000000000005,264,18
363.34000000000003,17,49
1230.1400000000003,148,6
397.76,22,298
2255.5099999999984,382,9
1372.8,12,21
89.06,9,98
-43.400000000000006,6,142
131.9,9,305
2661.24,32,319
2357.6800000000003,55,7
1545.1400000000006,59,0
1544.6200000000001,68,1
1400.8800000000003,98,53
1039.5800000000008,293,0
1163.2300000000005,70,18
375.35,20,8
907.0999999999999,258,18
483.25,40,180
662.5900000000001,109,59
264.44000000000005,62,10
119.93000000000002,22,189
3047.6299999999987,977,4
113.64,4,310
1837.9199999999996,37,154
383.34,17,109
2103.059999999999,180,147
1965.9000000000003,246,63
529.62,6,97
1058.6200000000008,130,246
2272.4000000000015,72,28
598.7599999999999,90,17
461.19000000000005,43,11
1936.8400000000013,281,103
234.34,7,73
537.71,30,42
799.8199999999997,47,71
215.7,19,256
1307.8100000000002,11,19
316.24999999999994,18,253
279.05,13,10
636.5100000000001,30,164
2068.150000000001,144,17
129.20000000000002,10,149
321.91999999999996,14,49
165.75000000000003,47,38
1183.5800000000002,145,26
1047.4300000000003,49,50
463.38000000000005,30,206
340.93,17,174
2362.8400000000006,123,6
139.56,7,25
123.79999999999998,6,50
538.8100000000001,19,311
457.4699999999999,31,300
1957.3200000000004,193,42
815.32,194,25
356.85,7,87
190.30999999999997,12,63
2351.02,631,19
3543.2600000000016,164,2
673.2599999999995,107,46
5818.699999999986,803,16
2012.1700000000012,316,16
1368.1799999999994,98,23
276.41999999999996,57,21
1267.41,71,10
275.28,23,187
438.49,18,100
1055.35,73,60
2102.0899999999997,101,17
330.45,18,32
174.37,16,63
270.6,4,1
974.54,17,23
241.09000000000003,12,107
1867.6800000000007,203,31
4221.369999999997,298,8
7711.379999999953,1011,2
364.22,18,36
620.0399999999998,229,59
2925.910000000001,216,25
932.8499999999997,64,235
1812.6200000000006,65,24
4075.349999999999,558,2
2841.0900000000047,333,58
171.8,19,259
355.5600000000001,10,57
388.2499999999999,19,64
537.48,32,15
996.26,76,9
1461.6499999999999,111,58
103.25000000000001,5,185
2916.1700000000005,107,3
2024.4500000000005,114,23
2487.0200000000023,417,3
3986.739999999999,367,3
652.8,4,150
289.2399999999999,56,310
765.6200000000001,48,10
186.23000000000002,10,17
165.07000000000005,58,151
859.27,113,18
2381.040000000002,216,9
324.14000000000004,21,56
0.0,32,63
2174.1800000000007,76,6
1080.7600000000004,69,75
4709.22,446,3
3073.7700000000023,129,95
1432.0,4,110
1524.4600000000005,34,34
227.39,12,0
218.05999999999992,29,280
2803.690000000001,273,2
1603.7200000000014,241,179
35.400000000000006,1,371
859.7100000000011,123,12
168.63,24,2
138.6,17,16
114.11,6,40
1052.5500000000004,330,5
1029.2599999999995,101,168
157.05,29,49
134.15999999999997,27,226
1598.2400000000007,384,18
39.75,3,371
1447.140000000001,197,14
570.4599999999998,164,34
617.9900000000001,152,21
379.82999999999987,53,6
1740.6000000000001,102,19
883.1500000000002,55,10
221.97000000000003,50,43
393.3299999999999,25,305
213.96000000000004,7,10
660.0,2,274
11713.850000000064,2782,0
11341.100000000002,114,15
1785.1499999999999,20,3
601.5600000000001,4,71
406.08000000000004,3,242
538.59,17,8
379.50999999999993,22,238
393.28000000000003,30,203
1765.76,96,0
320.58,21,184
869.3499999999999,135,31
225.84999999999997,13,56
848.48,57,184
2757.0699999999997,126,8
-21.849999999999998,5,311
671.96,24,90
939.2100000000002,153,3
1006.9799999999998,41,50
114.55999999999999,8,262
344.9000000000001,20,265
609.8500000000001,28,35
443.6,16,50
2952.3400000000024,175,51
2042.149999999999,113,15
110.46,7,21
96.12,2,58
668.6100000000001,34,169
780.4599999999999,29,8
597.09,30,156
279489.0199999999,2085,1
243.21999999999994,30,200
1417.2899999999997,199,4
654.5999999999998,102,66
114.18000000000002,29,76
1947.5499999999997,237,0
1930.15,50,3
291.04999999999984,80,168
838.2700000000001,127,17
247.14999999999998,29,4
2456.5300000000007,259,8
285.73999999999995,30,86
107.95,4,26
771.1700000000003,168,28
637.89,99,19
1258.3800000000003,117,60
195.24999999999997,14,23
9231.200000000004,576,10
1269.9900000000002,170,241
411.5300000000001,132,279
765.55,61,234
1736.3999999999994,74,2
604.7499999999999,102,15
2543.24,44,30
-2.55,1,371
26932.339999999997,320,24
498.95,7,70
52.0,2,187
1236.2800000000013,421,25
628.3799999999999,15,106
5107.379999999999,359,7
112.80000000000001,13,208
358.61,54,43
2114.3299999999995,71,30
582.0500000000001,69,136
172.9,8,264
2070.97,133,3
188.60999999999996,22,217
1250.7600000000014,210,1
109.12999999999998,8,213
2235.2999999999997,115,31
2486.219999999999,350,10
3250.639999999998,348,0
318.1699999999999,22,14
1546.9099999999999,415,10
179.0,1,198
1096.6699999999998,29,2
4911.140000000007,197,14
606.1300000000002,139,13
2838.199999999997,359,9
917.07,25,28
2664.2599999999998,341,8
160.19,10,23
867.3800000000001,71,24
329.6799999999999,55,42
1592.1800000000007,238,1
663.8100000000003,37,5
187.91999999999996,29,146
1158.3,278,9
718.08,52,24
268.58,10,273
313.48999999999995,71,373
2005.0600000000063,501,0
380.0199999999999,45,46
2686.3399999999997,149,7
9451.539999999997,216,8
5807.69,205,3
1164.55,17,3
1289.9399999999998,56,38
3899.1000000000004,61,1
1423.2099999999991,93,190
1400.3400000000004,59,11
1088.53,28,15
1167.16,70,112
294.3,19,247
1311.7899999999997,92,28
389.63999999999993,5,43
563.15,30,86
638.0500000000001,41,44
4965.379999999999,237,9
738.9599999999998,38,14
420.5,19,74
1484.0599999999995,71,144
1625.9699999999993,102,4
53.8,7,293
255.90000000000003,11,58
300.52,21,263
250.55,7,43
254.10999999999996,39,28
2423.07,137,7
139.50000000000003,6,16
10641.600000000006,1094,2
876.4199999999997,52,231
139.26,9,111
1011.9,60,57
2195.5799999999995,134,50
-17.45,3,3
730.8599999999999,35,126
386.1499999999999,41,280
447.67999999999995,27,54
200.10000000000002,6,319
289.99,15,25
77.4,3,9
679.4399999999998,30,6
197.64000000000001,6,28
745.0600000000001,46,16
0.0,4,63
214.14000000000001,15,3
1272.11,82,2
131.45,6,165
7839.5099999999775,1165,0
173.74,12,52
157.7,13,50
4236.339999999998,392,47
193.1399999999999,59,60
845.5500000000002,44,161
353.2699999999999,12,8
554.65,47,14
193.39000000000004,11,74
2175.369999999998,256,39
2087.879999999999,255,40
155.42999999999998,30,369
778.5,53,36
271.85,4,196
1110.3399999999997,63,199
657.8,48,73
272.06999999999994,13,63
507.2900000000001,29,20
48.800000000000004,2,366
321.4299999999999,70,179
1127.7100000000003,29,9
2226.9099999999985,121,3
2139.76,17,196
644.65,45,28
197.13,40,52
1698.3500000000001,70,17
102.44999999999999,6,9
1641.2000000000012,110,89
62.85,4,267
3295.7599999999993,138,52
2456.7999999999997,158,34
3189.8099999999995,130,63
309.4,13,148
7904.279999999997,392,21
278.15000000000003,22,311
511.34999999999985,28,22
2836.6899999999982,143,57
463.04999999999995,10,8
2749.8900000000003,131,77
645.6500000000001,20,118
1311.3800000000006,66,35
1165.6499999999996,61,59
1352.0399999999993,59,12
168.62000000000003,12,8
125.79000000000002,6,51
841.2000000000002,48,25
266.76,11,28
52.2,4,6
14197.450000000008,103,10
701.3300000000002,37,185
2939.640000000002,147,2
721.95,72,3
327.24999999999994,13,261
522.3799999999997,98,2
519.68,28,209
1448.7200000000003,50,8
1485.5400000000006,124,12
706.1900000000002,47,76
255.4,17,19
589.7,11,26
756.6400000000001,54,18
765.3199999999999,15,131
364.80000000000007,18,252
1862.0,6,78
369.2,20,206
135.9,10,335
125.65,7,253
554.38,33,147
1237.8500000000004,73,9
655.7499999999999,23,84
11020.260000000007,506,7
468.77,43,204
1366.38,55,7
1228.3199999999995,119,22
1414.9900000000005,98,10
314.11000000000007,24,20
2744.4800000000005,364,20
1025.4399999999998,69,1
599.9000000000001,18,153
3478.8499999999976,168,2
277.79999999999995,9,73
389.86000000000007,35,2
132572.6199999998,5903,0
841.5199999999998,28,16
1227.4300000000005,87,35
258.83000000000004,13,85
1264.8399999999997,79,70
1610.1499999999996,45,115
977.77,57,212
1316.0700000000004,78,29
749.0999999999998,44,50
310.05,10,245
223.88,11,31
2372.860000000001,128,108
964.6800000000002,42,4
363.53,17,365
1888.8400000000006,88,72
1784.7099999999998,10,296
8117.42,366,8
1617.63,35,56
5842.950000000003,172,29
100.9,3,13
290.82000000000005,14,71
1066.5699999999995,64,22
361.25,20,8
311.69000000000005,20,78
7912.79,149,45
289.82,55,24
336.16999999999985,85,11
58.49000000000001,12,252
499.6799999999999,42,146
684.9699999999999,61,58
221.26999999999992,27,7
7006.580000000002,317,10
126.70000000000002,5,270
1487.8000000000013,198,9
206.21,13,246
598.9999999999999,83,95
191.3199999999999,38,14
463.8,6,49
147.59,37,29
1592.06,34,67
1116.5699999999993,160,34
114.77000000000002,18,127
1314.45,32,106
114.39,21,36
279.94,11,56
765.8599999999997,73,56
1931.4200000000028,216,71
102.11999999999998,8,245
213.26999999999998,41,18
296.7499999999999,87,197
326.4,4,15
334.54,40,211
233.23000000000005,61,38
540.98,27,45
429.8699999999999,75,169
490.52,77,47
1641.7599999999998,115,115
1246.3199999999995,158,146
6180.489999999992,1160,15
502.08999999999975,144,50
156.91000000000003,12,158
1261.7799999999997,182,11
308.94000000000005,20,35
423.0399999999996,128,53
260.16999999999996,35,42
170.04,20,172
125.58000000000003,20,33
456.26,32,38
265.9999999999999,70,266
1872.2800000000025,479,8
905.0399999999995,135,11
6763.15999999999,563,2
1661.3300000000006,155,9
377.01,72,32
469.0,61,79
1051.9499999999996,37,30
627.13,48,7
518.28,7,71
668.14,111,3
4464.0999999999985,55,255
2571.020000000001,513,4
4277.659999999998,400,15
252.72999999999996,27,89
465.55,127,71
665.5899999999997,133,42
19786.43999999997,1508,9
180.35000000000002,67,169
135.93,5,198
537.0,3,30
7629.3799999999965,461,18
633.66,13,151
5064.01,207,8
343.62,22,269
380.5699999999998,98,64
121.17000000000002,3,273
1727.1700000000005,80,24
1391.6100000000001,143,22
215.78,30,318
697.79,71,4
302.09999999999997,114,11
1489.5,25,274
2124.9900000000025,276,24
1325.8200000000006,239,40
303.0899999999999,121,7
54228.74000000002,410,3
987.8599999999999,57,70
370.79999999999995,5,212
3135.9800000000005,158,37
760.5899999999999,53,31
1744.7600000000004,82,77
553.3599999999998,104,45
1109.5300000000007,70,178
106.2,1,372
982.0699999999997,26,93
612.4300000000001,76,9
748.8700000000002,42,104
773.0300000000002,27,77
880.8500000000004,49,172
9623.350000000022,451,6
893.66,48,212
487.34999999999985,35,21
88.19999999999999,5,256
306.94,15,281
1140.27,60,20
2420.8400000000024,145,9
381.32000000000005,23,307
476.96,31,53
457.80999999999995,26,214
4410.139999999998,112,17
1364.6999999999996,49,103
219.39,11,42
248.07999999999996,25,3
649.5,5,181
410.48,23,83
635.1,6,329
310.03,9,8
703.3599999999998,35,30
1002.54,71,166
2298.930000000001,101,17
1407.7300000000002,102,17
247.65999999999997,20,310
1291.75,61,141
463.75,31,240
970.2499999999999,40,23
1567.4799999999998,84,28
3439.4100000000008,101,9
2760.5599999999977,197,29
340.11000000000007,21,17
1352.7500000000002,45,17
1550.13,80,14
244.8,1,133
266.4,14,245
343.8199999999999,22,129
457.71999999999997,28,49
1612.1299999999994,87,84
2199.309999999999,106,6
184.19,15,22
11117.050000000001,140,24
406.53000000000003,16,65
1419.5400000000009,111,59
3447.4,84,49
330.11,22,169
977.9300000000002,52,17
982.4199999999998,29,127
1387.99,73,14
127.14999999999998,10,232
1282.4500000000005,69,2
178.96000000000006,13,239
2350.0000000000005,81,51
498.74,26,45
259.45,14,225
6530.040000000007,218,7
1194.7300000000005,67,3
1313.6600000000008,95,164
608.65,29,218
301.28999999999996,20,10
520.8,23,133
5303.969999999995,344,16
4684.240000000001,278,9
329.25,22,30
240.26999999999992,92,73
961.4899999999999,55,0
1869.500000000001,133,3
401.4000000000001,7,44
18573.68000000001,720,1
158.16000000000003,4,356
304.4699999999999,29,17
843.0499999999997,103,68
487.75,27,372
162.99999999999997,41,320
106.56,5,25
1034.5,7,324
1624.0499999999997,110,8
135.75,11,322
224.14000000000007,23,71
40.5,3,259
2186.2000000000003,95,17
87.5,6,366
680.2799999999999,18,65
622.8499999999999,29,153
406.76,63,28
310.62000000000006,21,69
411.40999999999997,19,13
4670.080000000001,93,1
15802.140000000009,232,0
1044.3200000000004,51,119
499.32,19,60
7521.169999999997,326,2
3861.0,1,2
656.4399999999998,36,8
193.64,10,91
1268.6999999999998,13,58
927.8400000000003,97,78
1827.7999999999984,142,25
316.58000000000004,9,356
648.8299999999998,38,84
420.29999999999995,9,9
867.62,43,0
331.18,20,224
894.41,52,59
88.94999999999997,7,238
325.04999999999995,25,318
1661.44,110,1
615.99,43,44
96.6,2,87
5756.890000000001,166,10
305.75,9,175
1758.9199999999994,119,51
114.10000000000001,11,365
585.0,5,318
454.9000000000001,32,225
310.47999999999996,16,357
409.4000000000001,23,233
154.41,8,310
1219.4,58,36
3376.9600000000005,126,65
429.6,23,238
612.0600000000001,31,112
197.0,14,276
2247.5099999999998,143,217
321.05,15,298
1412.320000000001,99,1
1056.5399999999997,52,28
764.3399999999999,52,9
1685.57,83,44
1738.5900000000006,111,66
316.68,22,73
631.57,34,64
2515.8400000000006,89,133
514.1500000000001,33,237
356.0,6,121
6657.360000000006,358,31
10327.109999999999,121,8
740.7800000000001,44,35
915.2999999999996,55,15
300.36000000000007,18,126
890.8499999999999,47,66
98.45,6,148
232.14999999999998,8,280
623.1600000000001,34,168
1780.77,78,99
254.82000000000002,19,134
178.95000000000002,10,323
156.50999999999996,12,106
393.74000000000007,23,63
1506.1200000000001,82,150
119.30000000000001,6,337
1717.36,11,21
408.8,2,23
2298.2000000000003,48,15
2485.820000000002,275,6
721.9399999999998,63,56
716.5700000000003,47,3
609.1899999999998,42,30
135.31000000000003,52,65
255.89999999999998,12,46
277.40999999999997,21,354
113.12,16,171
2239.9499999999994,150,58
240.55,3,49
485.24,21,21
2306.519999999999,88,42
935.1000000000004,59,28
7803.77,212,4
4596.510000000002,109,25
180.93999999999997,25,200
3610.3100000000004,200,43
635.04,41,9
3774.1000000000013,194,1
3787.0900000000006,12,66
496.4399999999999,28,63
5028.119999999999,247,50
574.02,31,289
680.3000000000001,26,60
1174.3499999999997,58,63
205.3,12,95
302.27000000000004,21,270
59419.34000000011,2491,0
921.1000000000001,48,74
52.0,1,109
327.97,24,198
551.54,38,63
165.0,1,326
312.62,33,3
204.5,16,283
267.13,36,43
2650.7299999999996,106,48
602.9699999999998,49,63
162.2899999999999,49,103
311.71,29,333
208.75000000000003,10,52
1005.5,62,34
714.96,13,31
1661.06,35,365
1028.56,16,207
351.6699999999999,99,156
173.97000000000003,36,53
557.5699999999998,88,65
2020.52,17,80
391.75999999999993,26,115
364.5,21,86
476.58000000000004,32,0
367.69000000000005,23,34
252.42000000000004,17,332
201.59999999999997,5,365
158.03999999999996,9,71
473.80999999999983,72,157
115.65,5,372
1862.140000000001,233,11
777.02,63,254
277.05000000000007,14,28
2766.499999999999,519,30
8234.799999999992,561,4
427.92999999999995,13,39
418.9200000000001,7,361
318.05,17,240
913.1900000000004,29,95
1330.4500000000005,151,25
602.5100000000001,44,74
1867.6899999999991,96,56
446.94000000000005,4,20
-1592.49,1,143
2360.55,95,40
2007.4,27,136
2213.1100000000006,137,7
168.0,3,128
1233.3599999999997,117,39
3631.89,196,168
1682.36,37,8
596.85,8,213
5927.859999999999,306,14
635.76,43,169
316.88,12,39
394.14000000000004,31,185
140.54,10,269
500.0,1,171
1515.7299999999996,85,4
231.86,12,15
2183.54,85,9
107.45000000000002,7,325
288.17999999999995,14,112
94.0,6,289
1339.6299999999999,74,15
815.7699999999999,50,0
666.7,13,91
626.7699999999999,42,148
349.1,8,188
426.60999999999996,58,17
1056.44,153,33
267.17999999999995,34,263
3450.8400000000015,122,83
1346.3800000000003,100,25
190.53000000000003,10,170
774.8999999999999,39,9
572.8099999999998,48,312
3974.3699999999994,193,64
508.8000000000001,28,84
135.86,8,24
950.3599999999996,53,58
97.7,6,322
43.5,2,37
383.34,17,253
1429.9,300,18
1483.1399999999999,306,32
93.78,6,14
364.89999999999975,83,26
171.19,10,22
417.86999999999983,53,78
997.4800000000004,59,7
149.29000000000005,29,21
1122.5300000000007,329,11
200.16000000000003,45,261
156.57999999999998,25,130
383.67999999999995,62,54
594.0,2,248
3212.159999999999,385,1
1418.2600000000016,219,8
113.5,5,263
155.17,9,330
494.64000000000004,28,312
971.2200000000001,62,25
429.84,30,29
538.73,58,29
1388.370000000001,286,1
179.10000000000002,25,361
447.2200000000001,60,282
237.07000000000002,58,261
161.64,7,24
216.76,58,353
234.60000000000002,11,93
126.14,7,28
1048.8500000000006,157,337
6945.02,104,19
334.53000000000014,57,84
511.88000000000005,53,8
438.46,29,34
504.50000000000006,27,42
469.47999999999985,77,1
371.56,76,112
1465.2,14,13
454.10999999999984,29,76
1441.4199999999996,46,39
905.5,45,115
6568.719999999998,127,15
233.81000000000006,88,160
3563.1099999999997,189,0
2575.0,86,29
91.32000000000001,2,92
1090.03,55,22
3090.8500000000017,155,94
659.4599999999999,35,27
1967.250000000005,299,32
1299.230000000001,125,20
1259.7,16,17
12396.459999999994,523,0
1131.5600000000004,68,7
5541.459999999999,252,15
147.09000000000003,70,362
52.83000000000001,13,80
3497.140000000001,99,52
979.2600000000004,164,22
492.35999999999996,46,171
1000.2700000000002,92,188
250.0,1,330
909.2300000000001,160,11
121.0,7,155
14520.079999999996,314,30
2963.1900000000014,218,11
62.43,15,44
267.03000000000003,27,232
1911.890000000001,220,63
343.49999999999994,18,1
2574.650000000001,200,35
398.84,57,32
412.00999999999993,10,83
440.0,1,24
811.0200000000001,180,1
148.44,4,32
2348.819999999999,166,18
229.32999999999993,26,253
3967.779999999997,674,22
1502.3500000000001,108,21
2007.4399999999994,228,7
1517.0800000000029,263,24
746.9199999999996,86,18
459.8999999999997,78,172
110.92000000000003,24,162
538.46,41,6
213.30000000000004,15,10
85.13000000000002,29,113
127.85999999999999,28,287
3542.5099999999948,261,8
292.7199999999999,81,53
4954.839999999991,702,6
1655.76,116,76
575.63,61,3
436.05999999999995,29,36
90.12,17,216
437.22999999999985,56,59
217.2,14,277
4758.199999999989,925,11
279.77,31,23
473.65,20,28
722.7400000000001,31,11
134.55,1,351
1319.6899999999998,117,8
173.15999999999997,8,49
186.01000000000002,7,18
758.2899999999998,53,2
1375.7100000000003,31,103
4109.97,330,6
650.43,57,11
2552.86,215,4
607.45,104,31
702.2500000000001,168,177
940.6700000000002,45,37
258.8799999999998,39,150
127.1,13,161
348.5999999999999,51,68
3429.9700000000003,151,120
682.9100000000001,44,24
722.6099999999999,125,23
455.30000000000007,31,176
913.6800000000002,9,49
456.58,30,252
-30.19,1,288
388.58,24,46
199.8,5,70
1767.53,104,15
1343.3400000000001,84,100
315.71999999999997,23,29
235.68,16,34
761.74,52,26
6745.359999999997,414,10
1083.6300000000003,54,7
48.480000000000004,2,78
216.39000000000001,17,51
1198.23,67,35
2422.64,91,56
104.76,13,336
1093.68,60,27
270.03000000000003,18,182
112.46,6,51
1568.3900000000003,45,9
195.15,6,35
10360.03999999999,429,9
747.0310000000003,49,32
336.40000000000003,3,10
1524.4,104,49
1158.7700000000002,18,3
3224.5300000000016,214,2
301.03,19,140
588.1300000000001,34,116
1504.56,68,99
675.8000000000001,49,74
2865.6400000000003,157,4
1180.3999999999999,61,44
3147.3100000000013,177,15
243.55,15,16
724.76,25,89
223.36,15,52
-94.0,2,300
425.31999999999994,25,133
12433.339999999982,495,3
1887.2000000000005,119,104
647.4000000000003,36,178
812.9999999999998,238,165
612.0099999999998,52,18
425.13999999999993,36,157
599.9,28,203
816.0,2,335
646.3000000000001,32,36
337.74,21,90
877.4399999999999,6,92
922.5300000000002,21,8
511.31999999999994,37,232
748.5000000000001,47,44
30.0,1,22
958.8999999999997,56,189
306.45000000000005,11,43
1552.0099999999998,94,24
309.8,5,316
138.14000000000001,9,105
358.63000000000005,19,50
2242.0100000000007,116,167
301.32000000000005,13,39
76.32000000000001,1,217
677.69,35,39
173.05,12,296
2635.4900000000007,81,18
2881.0200000000013,155,87
1744.02,135,72
323.69,21,80
3324.09,216,8
657.23,33,48
352.70000000000005,12,52
781.2799999999999,110,23
1333.6800000000003,78,8
946.3599999999998,67,17
193.75,10,116
2981.499999999999,168,8
254.1,9,119
239.76000000000002,19,3
136.8,2,251
191.04000000000002,12,27
6423.5999999999985,79,0
409.9800000000001,22,266
2644.46,177,32
309.6499999999999,18,17
664.0299999999996,89,171
1542.14,237,1
211.5,5,264
2293.6199999999994,117,139
143.10000000000002,6,200
1001.8100000000001,59,59
945.5799999999999,214,34
3329.719999999999,297,40
133.25,6,283
1072.3600000000001,53,8
346.75,20,142
330.8799999999998,35,11
1118.8100000000004,118,145
150.3,7,233
5043.959999999997,938,32
598.7300000000001,128,23
507.0799999999998,91,11
2181.21,72,35
203.1,41,364
212.3,12,200
415.2500000000001,32,14
5178.960000000001,302,16
-134.8,4,48
62.0,6,197
1108.3800000000003,73,65
294.11999999999995,14,211
162.3,10,282
1339.45,26,114
1121.2099999999998,81,14
4788.769999999996,176,18
449.12000000000006,8,65
154.88000000000002,9,48
784.4600000000004,88,15
34.8,3,77
1071.24,65,8
182.95999999999998,29,133
974.0399999999995,93,12
149.30999999999995,21,39
21535.9,15,234
2451.229999999999,295,2
2628.9300000000026,412,39
79.2,1,304
455.67,29,50
2318.880000000002,149,0
532.9599999999995,192,60
714.4200000000001,45,65
205.25,9,24
253.04000000000002,7,217
583.75,37,64
1048.67,63,31
3245.4700000000007,188,80
315.05999999999995,11,63
581.83,28,115
51823.72,147,6
635.6800000000001,10,5
270.8,25,68
104.9,7,244
241.62000000000003,18,132
1021.6100000000001,22,240
475.28000000000003,29,183
333.56,21,24
2593.9400000000005,44,9
246.3,14,10
2303.750000000001,87,29
4834.200000000004,280,43
948.0500000000001,206,25
351.3,25,357
220.84999999999997,35,9
1604.4400000000003,76,43
948.9599999999999,13,8
610.0100000000001,42,149
2666.61,135,0
2207.4,8,112
884.1400000000002,98,75
699.0800000000002,119,106
1042.1899999999998,69,45
-451.42,3,142
415.82,8,50
3848.5499999999984,274,0
5452.169999999996,307,22
784.5799999999999,31,45
903.9000000000001,48,49
3724.7700000000013,210,305
399.2099999999999,43,35
1145.4299999999992,112,78
2171.3199999999997,139,16
1801.14,41,106
1303.9099999999999,40,207
1842.7300000000005,74,2
2100.6000000000004,49,63
1905.45,123,48
206.98000000000002,17,319
570.96,62,43
885.4699999999999,33,2
-840.7600000000001,17,336
532.94,20,171
1649.36,69,50
1641.4800000000005,134,72
636.14,51,98
547.7,41,28
747.7599999999999,69,57
836.7899999999998,54,253
2084.900000000002,276,69
954.0899999999996,50,43
117.47,12,44
391.97999999999996,24,64
33350.76,169,10
1020.7400000000001,65,24
345.65999999999997,28,58
1209.1000000000004,50,63
118.95,8,303
130.74,11,45
3650.8699999999994,140,17
389.27,22,37
238.85000000000002,97,18
160.71,22,186
110.80000000000001,30,51
2974.6499999999974,140,3
712.2399999999997,80,136
16173.670000000002,653,3
297.0,14,18
1438.8500000000008,191,15
977.2099999999992,142,40
3000.360000000001,547,11
832.88,147,7
68.84,18,25
1769.7800000000002,24,21
895.1300000000002,40,40
230.52999999999994,45,100
3797.7899999999986,463,4
149.64,15,276
354.0899999999999,76,32
360.9299999999999,128,14
4330.670000000001,137,62
440.78,131,1
313.28,106,368
438.24,32,311
495.3599999999999,24,198
396.47999999999996,49,1
379.34999999999997,18,92
181.09,12,59
141.26999999999998,14,79
446.8699999999998,93,156
524.52,62,226
263.54999999999995,41,252
179.17,11,149
222.05,24,193
1384.6799999999998,87,0
56.25,4,368
351.1099999999999,51,23
363.8799999999999,116,16
5126.34,75,9
164.67999999999998,30,7
1521.790000000001,151,19
967.4499999999998,249,3
191.93999999999997,7,173
1232.1799999999996,267,0
264.62,19,177
1491.2400000000007,160,15
123.10000000000001,12,247
334.23,40,190
639.89,143,19
167.49999999999997,60,153
336.03000000000003,25,172
363.6000000000001,12,371
127.08000000000003,21,372
207.15,12,193
426.63000000000017,21,66
2461.850000000001,119,3
1107.4600000000003,74,20
416.8600000000001,12,238
145.35,7,63
404.58,18,111
6102.259999999999,77,89
31.799999999999997,2,310
337.43999999999994,14,133
325.1,6,276
181.0,2,364
1708.2400000000002,29,82
955.2400000000001,60,7
364.7199999999999,19,16
1705.2599999999989,103,1
669.57,43,0
806.5699999999998,91,33
1634.53,103,14
4389.810000000001,185,23
428.88999999999993,42,31
104.35,7,73
470.7600000000001,28,19
845.6399999999999,122,16
418.8299999999999,84,22
582.8999999999999,21,2
314.1,11,303
4199.85,35,17
99.77,6,235
3429.55,177,38
371.01,24,83
430.93999999999977,98,164
1054.7299999999996,65,16
1098.7800000000002,49,76
2398.8599999999997,43,88
3408.4799999999987,97,24
1475.02,113,21
2816.9700000000007,275,2
1037.4200000000003,38,122
168.12,14,29
1451.2800000000004,140,11
158.03000000000003,27,18
792.11,52,43
41.989999999999995,3,3
2756.8199999999997,560,8
427.07000000000005,35,54
1044.7799999999993,131,87
3084.1699999999987,509,36
12393.7,9,2
2735.3700000000003,103,29
615.389999999999,218,11
101.39999999999999,8,210
1701.939999999998,385,47
478.7800000000001,33,23
992.7099999999999,90,21
407.49999999999994,86,245
3362.7100000000023,212,7
1415.2899999999997,94,34
33366.25,151,3
653.1299999999998,148,35
690.5399999999996,184,3
1483.3100000000013,237,2
211.87999999999994,32,46
408.90000000000003,28,38
3450.2399999999993,165,1
851.0100000000001,46,16
628.2800000000001,76,259
719.81,101,45
251.23999999999992,64,11
439.66,28,29
236.09000000000006,32,42
852.12,17,91
50992.60999999997,274,38
331.24000000000007,29,309
548.9399999999999,100,91
8727.609999999988,1152,5
437.69999999999993,22,195
758.9199999999994,55,86
855.0200000000001,39,269
454.3299999999999,28,7
1313.5500000000006,65,64
3166.4,6,30
1147.3700000000001,75,21
773.9900000000004,39,37
1340.7000000000003,83,119
243.69000000000005,9,85
1111.7899999999993,312,39
137.9,10,173
362.06000000000006,34,53
1511.9499999999996,84,32
783.8999999999999,70,144
134.8,8,220
664.85,68,44
2140.2200000000003,134,3
1459.8600000000008,180,65
-29.95,1,268
1153.6199999999992,64,9
335.32000000000005,23,259
372.0900000000001,74,364
1521.8700000000001,102,16
852.15,33,21
326.24000000000007,21,44
584.3199999999999,23,287
94.35,2,291
2173.5299999999997,131,2
79.2,1,283
1352.0000000000002,21,16
176.60000000000002,11,81
2806.9000000000005,227,55
1317.6200000000003,31,100
436.17999999999995,38,298
981.5099999999999,167,22
1119.31,40,58
315.06000000000006,18,154
779.36,53,98
17.0,1,106
1041.83,67,11
320.62,12,263
185.05,10,239
2005.6300000000003,67,87
731.8999999999999,39,49
1245.9599999999998,83,8
1842.1400000000003,57,41
1429.6399999999999,48,6
302.36,29,61
336.96,13,248
108.38,6,65
3204.16,31,17
816.1,49,84
611.88,18,218
1337.4800000000016,354,44
195.74,16,142
161.38000000000002,30,182
135.75000000000003,8,170
1667.9700000000018,284,9
592.8800000000001,35,205
232.21,30,189
423.36,16,7
1294.14,32,58
867.1099999999998,212,56
684.42,38,72
307.78,16,51
187.15000000000003,16,315
289.35,13,366
6287.770000000002,117,28
656.2500000000001,40,38
1880.22,89,17
3506.5400000000013,78,51
14305.66,365,3
603.6900000000002,38,21
517.5499999999998,21,262
709.3800000000002,37,59
-7.95,1,367
635.41,31,18
703.7700000000001,37,52
620.4,30,87
535.3400000000001,37,249
2419.8399999999992,118,2
175.2,1,246
3741.9799999999955,237,8
734.1299999999999,29,156
375.0,22,133
76.32000000000001,1,295
280.52000000000004,18,4
1906.0699999999988,136,38
1829.04,29,268
1824.2300000000002,89,49
3024.6200000000013,139,8
644.2400000000001,19,15
348.2000000000001,14,281
1009.4500000000004,22,63
5352.969999999997,502,1
37.4,2,251
441.6000000000001,7,224
802.5300000000002,35,16
3770.600000000001,99,10
1822.9700000000003,85,7
1880.4199999999996,127,50
73.2,3,58
1140.21,69,94
1406.5699999999993,87,15
1009.5500000000001,23,125
1037.5899999999997,58,93
331.95,15,49
197.90000000000003,8,137
215.83,11,60
10217.480000000001,176,99
305.5400000000001,11,72
6617.650000000001,28,71
338.7100000000001,15,66
1155.5400000000002,46,63
529.41,31,16
3991.9400000000032,219,22
6841.239999999998,297,31
981.8600000000001,67,44
215.47999999999996,11,15
215.08,6,39
4913.32,151,2
314.45,19,236
400.681,15,74
1080.6199999999992,179,3
1821.5199999999993,115,2
365.27000000000004,18,360
589.15,36,58
405.71000000000004,57,22
761.38,98,30
537.06,63,54
394.38,19,24
664.2600000000001,66,44
2262.62,46,88
21086.299999999996,123,1
542.77,24,80
681.19,43,18
159.0,6,78
1062.7499999999998,44,170
242.35000000000002,14,80
914.9300000000002,37,266
259.39000000000004,19,234
3054.8700000000013,90,29
864.86,97,36
846.7200000000007,137,317
1295.3000000000004,96,56
1096.32,134,44
255.11999999999998,8,202
308.32000000000005,7,218
1010.5999999999999,47,86
542.03,35,189
983.2299999999998,38,32
422.13,25,70
858.4099999999996,48,40
432.19999999999993,20,77
372.9,21,56
3693.8100000000013,142,7
2607.8700000000067,662,9
3598.260000000001,295,7
409.09999999999974,51,33
1522.7499999999998,91,211
1352.3600000000008,93,23
114.56,16,169
152.94,7,61
1800.0700000000006,69,52
389.44000000000005,24,260
-295.09000000000003,21,365
3665.6199999999985,124,31
2609.2999999999993,274,16
732.6300000000002,14,257
46.95,2,176
5203.51,135,44
1035.45,18,50
746.8299999999999,124,16
-31.65,3,360
5423.150000000002,260,8
861.8899999999998,61,73
667.6499999999999,45,70
1141.2399999999996,54,352
1423.2899999999997,134,2
411.7000000000001,25,116
357.94999999999993,67,372
559.8699999999999,33,196
810.6000000000001,6,176
537.8299999999999,25,22
1496.6800000000005,109,20
2062.06,17,71
168.3,11,339
1531.509999999999,168,5
823.9699999999996,109,30
142.5,8,169
280.90000000000003,19,116
2236.7400000000002,120,8
1328.5500000000004,79,9
275.4000000000001,23,212
598.1999999999998,27,22
212.82,12,107
5305.829999999999,167,25
361.2199999999999,22,138
602.2700000000001,44,213
2560.0,4,37
686.6700000000001,44,91
616.26,37,17
274.15000000000003,16,2
226.37,14,330
2755.5600000000004,156,63
1341.6499999999999,69,119
328.15,19,34
404.40000000000003,3,217
1038.46,56,171
230.70000000000007,16,71
326.74999999999994,37,0
207.50000000000003,1,195
428.6799999999998,118,127
510.5400000000001,20,43
3085.9600000000046,320,5
3844.22,319,13
242.21,41,17
1583.2000000000003,154,27
26626.8,45,7
151.05,10,36
214.80000000000004,11,156
109.95000000000002,20,283
549.0699999999998,153,106
1959.3800000000003,84,24
322.41,15,74
370.47999999999996,47,15
101.10000000000001,2,157
575.4100000000001,38,43
887.6500000000001,92,10
1469.4500000000005,235,31
53.5,9,290
1100.4699999999996,60,20
153.9,8,332
494.44000000000005,28,17
6675.709999999997,94,3
395.79999999999995,39,62
210.31999999999996,32,197
658.88,34,32
2024.949999999999,110,0
1460.3699999999994,70,6
3411.6900000000005,671,4
896.6600000000001,106,9
652.0699999999996,90,31
109.36000000000001,5,52
707.0399999999997,53,11
1540.4200000000005,51,17
327.3,18,18
804.4899999999994,130,36
497.42999999999984,76,1
1553.66,118,17
1320.5600000000004,228,81
367.92999999999984,97,32
473.0299999999997,111,65
977.5200000000007,128,8
676.2,5,266
362.95000000000005,23,246
2131.9000000000005,109,3
1780.5900000000001,32,60
668.3599999999996,102,74
584.4999999999999,33,89
555.8899999999999,59,59
317.20000000000016,88,28
94.36,4,322
1362.27,35,52
221.19000000000005,45,269
2941.0500000000025,358,1
1412.0600000000004,100,49
1486.9000000000003,210,60
1631.1500000000003,86,144
408.57,73,18
303.93,29,94
4061.239999999999,198,0
299.59999999999997,60,264
161.04999999999998,15,301
443.0500000000001,23,69
167.25,5,301
163.07,63,18
2126.9300000000017,172,12
2028.8800000000017,232,35
214.64999999999998,45,18
151.83,35,53
262.20000000000005,31,56
126.25,7,21
210.34999999999985,54,43
1026.9899999999998,73,26
675.2700000000002,102,44
959.4799999999999,52,112
33805.69000000004,399,16
346.12,18,24
82.56,6,190
302.69999999999993,21,301
1908.2500000000002,372,1
241.06,9,262
-2.95,1,80
284.55,2,105
300.85,6,56
642.81,83,212
287.4,8,63
184.26000000000002,17,27
1522.2500000000005,109,28
798.3499999999997,132,5
3640.669999999999,282,7
381.2,24,66
616.79,174,1
638.7700000000002,86,45
230.51000000000002,63,33
2.8999999999941792,4,0
259.0099999999998,36,135
188.89,20,197
674.6899999999999,43,190
311.92,11,149
266.97,14,87
-8.15,3,44
1841.1800000000005,99,63
2158.3700000000003,111,98
208.36,9,217
3482.7400000000002,202,2
814.7199999999996,135,27
151.42,33,177
102.0,4,63
1383.7000000000003,85,20
1314.6800000000003,236,19
1603.4600000000007,148,33
74.9,2,73
650.4300000000004,182,23
757.44,171,51
223.95,13,274
314.86,19,164
1811.470000000002,368,6
544.3,28,87
2494.4600000000005,146,63
331.0,17,24
300.83,35,9
769.2899999999995,53,75
220.61999999999998,18,15
139.35000000000002,19,191
379.4000000000001,26,173
363.65,42,76
492.19999999999993,31,32
731.5,39,46
1329.6600000000005,62,72
826.5299999999999,50,296
684.4100000000003,97,2
1562.2200000000003,97,8
2965.690000000001,136,49
86.12,16,160
319.1,22,359
400.86,11,4
1421.4300000000005,86,106
484.37999999999977,86,24
777.6,4,31
90.30000000000001,3,19
363.7,13,296
248.10000000000002,13,371
950.2599999999999,169,21
874.5899999999999,35,4
1627.1300000000006,113,51
101.7,6,29
162.70000000000005,17,276
480.9200000000002,42,60
215.08,13,24
1036.6200000000003,157,185
9295.670000000007,298,1
11895.570000000007,200,1
290.35999999999996,15,171
228.06000000000003,14,80
244.41,17,3
455.25,30,189
1244.5900000000001,77,21
6748.8,4,17
1026.9399999999996,181,18
593.75,31,4
539.02,56,106
1388.81,45,2
119.62,5,53
339.3,3,164
-95.92999999999981,31,290
4154.639999999994,981,9
2266.249999999998,261,108
922.12,32,95
379.72999999999996,17,242
5664.569999999999,86,162
641.5500000000001,74,2
285.89,17,34
3313.79,207,66
281.84999999999997,11,23
8257.04000000001,474,0
816.5099999999998,58,20
511.12000000000006,31,5
1077.74,19,53
173.7,3,363
614.01,19,14
865.5999999999999,35,193
124.2,5,2
3622.9500000000007,133,8
1285.22,106,2
999.6999999999999,58,126
648.4099999999997,46,73
451.43999999999977,28,70
-30.599999999999998,1,364
70.44,11,154
313.61999999999995,6,112
233.45000000000002,14,373
908.03,31,79
463.95,8,248
225.14999999999995,13,231
459.2399999999999,33,70
213.5,10,68
4073.2799999999993,222,3
330.0299999999999,27,50
181.08999999999997,53,74
360.1600000000003,85,60
250.15,12,15
90.04000000000002,7,3
140.70000000000002,11,276
813.5200000000001,62,3
244.79999999999995,31,40
494.7299999999999,32,30
482.47,34,74
3038.670000000001,174,17
5450.960000000006,280,14
75.66,6,218
120.99,11,185
1187.6599999999999,66,32
618.59,30,69
506.18999999999994,26,182
500.42000000000013,33,14
151.85000000000002,5,235
2630.6400000000012,97,30
204.41,16,253
178.96000000000004,9,3
813.4800000000002,29,51
129.45,5,245
810.5699999999999,48,80
333.08000000000004,23,274
4379.6500000000015,184,0
322.8,20,78
2183.04,119,29
417.72999999999985,64,73
2878.1500000000005,153,16
217.9,9,222
1124.5900000000001,72,31
1676.4699999999998,95,22
1169.3799999999999,52,24
231.10000000000002,12,105
679.83,35,4
487.51,27,245
833.7799999999996,62,177
214.06,14,169
270.85999999999996,21,38
518.4200000000001,24,71
6654.26,123,53
1166.9200000000003,76,15
594.9699999999999,31,140
3794.519999999997,261,17
8568.24,80,21
933.6199999999995,208,9
123.24,8,367
39.12,2,188
810.45,17,15
135.4,9,361
118.98,32,18
570.1299999999998,53,67
306.71999999999997,20,14
1370.8700000000003,161,23
4022.4600000000028,262,16
1692.27,6,27
8093.589999999999,117,1
319.61000000000007,98,54
1558.7199999999998,92,33
3013.8300000000013,170,2
129.75,3,365
183.70000000000002,10,42
1770.3400000000004,44,72
1027.9999999999998,30,4
65892.07999999999,281,3
324.24,62,60
3043.4799999999987,588,46
1260.8600000000001,62,0
303.26,16,75
208.62999999999997,13,43
1276.0,3,255
482.0099999999998,60,68
657.9,10,134
112.75000000000001,21,240
1998.0,5,226
5040.000000000003,312,8
5150.270000000002,154,8
13946.129999999988,284,0
531.35,123,36
656.6300000000001,27,45
3029.870000000001,79,84
2483.04,402,18
1651.0299999999995,22,2
3645.4299999999957,447,8
6840.230000000009,632,18
911.5299999999993,94,218
301.71999999999997,19,77
319.8000000000001,3,266
3278.36,236,8
623.7500000000002,45,368
1773.9200000000008,203,14
155.23999999999998,27,25
292.46999999999997,37,261
4711.21,228,16
589.15,43,90
775.0700000000003,152,301
1382.0200000000013,185,25
272.81999999999994,46,363
1054.6699999999996,269,45
7076.279999999985,668,35
702.79,84,51
603.7499999999998,28,31
650.51,53,51
2269.2099999999996,128,78
417.59999999999997,1,52
3.75,1,297
312.55000000000007,16,171
0.0,4,46
2191.8400000000006,193,28
1304.7599999999993,242,10
7170.700000000005,358,86
6694.310000000009,452,4
826.96,45,24
1515.8999999999992,69,17
623.93,95,44
1764.7199999999998,25,30
207.5,9,372
223.92,34,57
2002.4,2,371
1484.6300000000003,176,113
239.4,13,214
106.83,7,318
369.34,22,64
772.84,43,7
316.61999999999995,13,96
1501.3799999999997,89,19
594.9000000000001,24,184
2758.2500000000027,718,3
34.0,1,293
1145.6,34,272
5580.599999999999,222,30
458.0399999999999,58,47
380.3899999999999,40,259
744.9000000000003,146,57
2246.8100000000013,255,32
171.59,26,56
654.9200000000001,49,67
1695.660000000002,158,9
388.2799999999999,76,59
226.35000000000005,50,79
245.94,16,73
10454.04999999999,344,1
425.18999999999994,60,99
294.65,19,364
2242.25,197,9
107.6,3,19
597.4799999999999,155,122
80.8,5,7
1520.1199999999997,95,3
1706.2800000000022,322,28
110.38000000000001,12,281
243.83999999999997,16,56
1201.5100000000014,287,0
414.88000000000005,66,364
305.62,18,88
1201.4900000000002,164,10
867.8300000000002,121,162
332.29999999999995,24,64
536.99,60,22
460.58999999999986,98,173
801.4899999999996,103,102
1121.59,67,142
288.42,23,98
912.74,150,22
275.64,16,191
547.0699999999999,28,4
479.3500000000001,15,360
1692.9799999999998,449,7
6500.600000000003,325,13
417.06000000000006,28,102
1446.9500000000003,95,2
3317.9700000000003,191,10
497.61000000000007,26,95
358.37999999999994,38,226
460.64,26,15
775.1800000000001,28,38
341.70000000000005,22,50
128.5,8,92
197.22,11,156
325.90999999999997,23,38
199.15000000000003,12,183
1106.5299999999997,47,0
413.46000000000004,24,227
180.85000000000002,10,127
251.87,11,39
3167.7300000000014,166,30
582.9000000000001,26,196
15357.779999999988,298,8
1774.6200000000003,117,36
1260.4399999999998,64,63
10183.820000000007,379,42
214.32000000000002,11,49
193.44,12,42
281.42,14,52
124.57,8,186
332.40999999999997,19,333
342.45,20,3
144.91,9,9
328.4,19,23
35.400000000000006,2,14
345.8900000000001,13,365
473.13999999999976,72,105
151.65,8,59
481.35,28,28
207.73999999999998,11,140
805.6199999999998,129,22
2761.49,139,21
680.02,7,76
7066.309999999998,289,4
2023.47,123,63
853.7199999999998,159,11
0.0,6,24
1519.0800000000004,178,30
432.0,1,66
705.1199999999998,39,66
276.72999999999996,38,186
429.84,26,37
471.50999999999965,101,14
194.88,37,34
1578.6700000000005,135,194
809.7000000000002,203,1
496.8399999999997,101,0
145.93000000000004,45,366
219.13999999999996,69,64
213.03000000000014,44,298
444.4599999999999,163,25
1281.5599999999997,125,7
187.6900000000003,82,11
1706.88,44,115
373.24,60,28
3754.2699999999986,710,3
3085.4799999999996,209,4
579.7700000000002,93,81
981.6500000000001,151,28
364.14000000000004,19,63
1510.060000000002,547,3
2528.670000000001,105,22
113.44000000000001,8,289
208.45999999999995,38,35
621.6800000000001,57,8
576.2600000000003,143,23
391.5200000000001,9,276
1043.3399999999997,130,49
2596.4499999999994,327,155
169.79000000000005,60,60
6666.829999999986,696,11
739.4999999999995,89,20
230.25000000000003,14,370
543.0500000000001,6,115
2781.499999999998,213,79
1295.3900000000006,77,3
380.55000000000007,54,25
4604.2199999999875,898,4
161.94,53,52
530.08,49,0
950.93,62,54
262.68,57,25
1903.1300000000012,242,8
3049.880000000001,305,51
1894.1100000000017,283,12
816.7299999999999,33,211
4345.500000000007,249,21
406.48000000000013,21,235
435.02,19,138
1161.2700000000002,61,3
1178.56,42,56
1262.7500000000014,87,122
167.61,16,108
20.8,1,29
2085.0800000000004,54,0
493.67,26,184
292.34000000000003,18,8
416.64,16,238
117.35000000000001,7,86
507.04999999999995,101,38
234.17,14,115
110.55000000000001,7,186
201.19,26,226
2148.4700000000003,31,7
319.0199999999999,21,188
439.4300000000001,31,3
650.4100000000002,42,38
232.20999999999987,42,2
251.51999999999998,2,266
344.33,39,77
1809.0500000000004,91,3
1078.9600000000005,87,254
384.06,22,60
1920.1999999999998,149,12
4392.419999999996,418,77
5461.620000000001,121,16
1873.2,3,29
1625.0500000000004,129,2
126.12,7,4
1133.25,12,6
179.0,1,218
1601.86,95,10
-1.25,1,371
1427.46,41,29
702.0,12,287
287.02,6,149
484.82000000000005,23,22
3989.5700000000006,169,0
1487.78,50,72
1412.9399999999996,44,45
781.7800000000001,44,4
877.4300000000001,53,50
185.46,12,16
270.90000000000003,15,29
565.5799999999997,75,7
1842.5599999999995,217,28
8574.110000000002,268,2
920.0999999999998,16,40
1272.6100000000013,234,10
71.0,7,30
95.85,3,44
357.77,9,60
154.82999999999998,4,184
848.5899999999997,155,78
716.0,2,110
146.87,11,63
380.35,22,11
1030.1399999999999,28,85
734.57,32,15
388.33000000000004,32,245
1253.2199999999996,77,77
112.40000000000003,22,29
449.7299999999999,15,137
1065.7700000000002,71,26
1044.3800000000003,98,2
1735.1799999999998,102,31
897.43,10,8
339.44,22,112
642.0199999999999,22,156
1100.9,65,84
864.3199999999998,48,114
5594.780000000006,322,2
3228.8399999999992,316,95
247.14,43,193
413.75000000000006,92,27
496.37999999999994,14,128
1353.8300000000004,84,27
1179.8899999999999,62,81
3095.0399999999995,516,29
234.24,5,265
5116.129999999999,101,73
534.4699999999999,71,313
1421.5899999999992,82,8
859.3500000000003,62,58
-112.35,1,142
4531.340000000004,297,11
2655.2200000000007,154,27
312.13999999999993,64,113
2385.480000000001,148,8
1446.09,174,17
813.7700000000001,80,17
841.08,25,35
378.2000000000001,28,35
118.80000000000001,2,77
285.5,9,21
290.1600000000001,64,24
2003.8500000000008,81,32
1405.7799999999995,52,108
2949.7500000000014,162,34
1555.05,189,122
2050.079999999999,96,6
1991.009999999999,115,27
2041.850000000001,64,3
3802.8100000000018,198,2
1777.7800000000007,125,49
270.19999999999993,15,317
1088.1999999999994,77,21
992.6800000000003,52,8
937.9199999999998,213,1
971.74,65,17
1621.7299999999998,42,9
25.5,1,261
665.7800000000004,90,158
10380.429999999995,421,32
869.6799999999998,121,28
163.29999999999998,12,164
248.60999999999999,30,46
747.2199999999997,135,5
806.8999999999997,43,7
116.19999999999997,9,287
157.02,10,317
593.6099999999999,38,2
307.46,18,232
138.32,7,118
345.29999999999995,9,161
298.89000000000004,32,184
259.34999999999997,40,49
991.8499999999998,262,151
157.09,14,334
2463.170000000001,134,4
4892.240000000001,27,15
424.99999999999994,24,106
1139.7299999999998,52,15
380.5,24,275
10585.569999999985,487,15
465.32,20,246
579.0,15,238
984.5699999999998,48,0
749.78,35,105
1679.6400000000003,85,22
124.88,9,51
1503.5,16,194
213.77999999999997,14,23
329.34000000000003,23,74
251.69999999999996,20,17
306.54999999999995,15,7
1266.9699999999993,67,31
1534.7300000000002,102,21
3518.0299999999993,229,30
1707.2099999999996,105,28
293.1,5,21
2466.4000000000005,145,32
158.68,10,283
189.48999999999998,14,38
816.8800000000006,60,49
224.90999999999997,16,288
313.26,16,74
3755.6499999999983,87,4
59.9,4,217
1430.9400000000003,64,43
306.13,15,201
711.79,80,177
780.3800000000001,131,55
239.91999999999996,23,56
3286.9099999999994,76,7
144.0,2,46
203.95,10,226
2275.58,89,10
384.3999999999999,61,105
249.74,20,58
2095.1300000000015,237,27
1674.46,35,35
262.62,29,273
1013.01,29,29
692.2200000000001,96,23
342.63,40,53
3563.8499999999995,152,35
1352.9100000000003,67,168
384.08,13,53
204.24,7,52
2299.670000000001,213,26
226.85,4,252
2741.079999999998,164,39
984.1199999999997,104,59
113.5,9,233
1960.7200000000003,274,3
114.23,25,31
3198.2500000000027,472,23
335.13,63,6
354.15,28,64
426.78999999999985,49,309
393.48999999999995,21,308
939.32,47,18
1906.0900000000015,208,15
318.76000000000005,47,95
3466.6700000000005,73,263
3127.820000000003,546,11
421.5200000000001,36,2
190.88,25,34
149.89,14,182
550.0600000000001,29,24
916.1300000000002,105,12
314.69,19,10
3744.65,566,2
379.95000000000005,16,312
1135.0399999999997,40,107
8628.55,407,0
954.8999999999997,31,52
171.45,9,204
282.18999999999994,55,14
318.65000000000003,69,119
384.52,57,3
283.28,39,362
353.8599999999999,87,116
178.26,18,17
272.44000000000005,112,4
298.40999999999997,78,40
239.99999999999997,16,106
603.3699999999998,124,147
1253.3600000000001,12,51
63.440000000000005,23,207
562.8999999999997,127,138
310.63999999999993,80,1
317.61999999999995,38,126
763.64,6,107
2144.5299999999997,116,41
111.98000000000002,27,34
1065.3500000000001,69,227
246.04000000000008,15,240
187.82999999999998,9,57
1703.4100000000003,94,129
1641.6800000000019,294,59
153.92000000000004,45,21
1064.1100000000001,124,25
1419.7300000000012,142,8
936.1600000000004,112,31
525.2399999999998,102,3
550.8000000000001,1,307
1875.1100000000006,135,7
556.9499999999997,69,28
131.78000000000006,51,16
498.42,30,100
669.1100000000001,57,11
197.6300000000001,66,20
1119.9299999999998,81,14
250.03999999999994,53,360
8600.730000000005,69,10
-152.64000000000001,1,364
82.75,12,94
1384.8500000000001,55,77
644.3,14,138
2288.1299999999997,28,17
2514.76,136,24
6204.459999999995,487,0
2524.0200000000004,11,45
1200.6199999999997,73,99
700.8599999999999,107,7
908.9900000000005,204,14
990.2300000000002,50,17
96.8,6,279
523.11,33,13
363.9,6,22
175.2,1,123
494.24999999999994,28,85
306.6,12,300
1944.3200000000033,548,150
6612.179999999995,757,16
243.36,9,93
11891.179999999997,424,8
781.3600000000001,183,156
193.63999999999996,17,354
160.56999999999994,32,45
537.74,87,14
2611.58,503,3
228.96,1,85
1159.5200000000011,215,14
110.75,9,178
1256.19,72,7
587.15,27,35
1740.0,8,128
1393.06,16,50
178.21999999999997,19,311
388.1399999999999,45,23
365.84999999999985,59,302
127.85999999999999,15,10
585.7900000000002,132,16
488.2,29,48
312.22999999999996,35,238
4455.729999999996,414,0
4801.559999999999,468,12
168.4,34,237
1349.5200000000011,128,22
446.18,33,72
423.8899999999998,87,16
1342.6800000000012,253,40
646.9200000000001,57,39
495.7699999999999,28,218
372.49999999999983,71,189
203.2,24,70
3925.919999999996,419,23
404.66,83,10
20272.42999999999,110,8
65.4,2,64
199.29000000000002,51,3
336.40000000000003,15,18
261.11000000000007,47,14
2686.42,28,7
784.11,78,19
1259.56,15,77
31300.080000000016,224,0
508.8,3,163
457.91,62,306
203.86999999999995,4,218
7330.800000000001,27,38
696.4099999999999,92,21
653.3799999999999,38,114
2129.9600000000023,213,125
2633.85,59,4
281.62000000000006,33,35
30300.819999999992,201,3
967.2199999999998,94,0
1928.72,116,329
32.65,2,162
771.8499999999999,13,184
1214.7199999999996,64,15
748.9399999999999,43,11
1258.0600000000002,66,2
778.0,6,43
507.8399999999999,14,79
6838.340000000002,271,29
463.4600000000001,30,41
4200.969999999999,208,10
598.8300000000002,30,49
1853.1299999999997,135,15
663.6300000000003,28,44
759.1699999999995,43,18
5022.259999999998,272,3
100.8,2,71
17078.450000000004,343,0
512.1200000000001,42,120
265.76000000000005,14,32
403.30000000000007,43,312
365.76000000000005,48,17
303.16,54,87
2333.420000000001,138,1
216.3,9,1
378.30000000000007,19,246
177.09999999999997,8,147
2210.2600000000007,140,28
534.24,1,219
2940.0400000000013,135,147
120.9,9,176
541.53,36,39
-4287.63,1,144
2504.8599999999997,279,1
187482.17000000013,351,7
1648.9500000000003,107,0
486.71999999999997,19,17
517.5300000000002,61,191
131.7,8,203
249.85999999999999,17,364
1737.6999999999998,19,126
316.49999999999994,54,14
657.3,111,42
452.63000000000005,37,78
757.4599999999996,111,22
662.9399999999999,28,50
1881.3600000000017,219,15
289.96000000000004,9,157
763.2800000000003,41,9
137.0,5,9
1843.0599999999997,90,15
1125.0700000000002,78,44
710.2900000000002,181,190
194.36999999999995,14,78
506.51,31,73
1249.3400000000006,83,3
414.04,21,64
396.87000000000006,24,260
376.63999999999993,29,58
1926.8799999999997,86,0
3541.9200000000005,110,0
374.57,12,247
497.56000000000006,27,7
271.04999999999995,10,358
272.21999999999997,17,75
622.88,40,289
1138.0,5,16
288.59999999999997,18,220
689.0999999999999,28,8
558.9599999999999,38,2
2745.28,140,205
1145.84,52,161
294.28999999999996,16,69
605.5799999999999,88,261
387.31,22,280
6100.740000000002,369,57
308.48,20,24
88125.37999999996,1076,2
2920.0400000000013,106,28
513.2,6,71
208.65,40,127
639.0199999999998,87,30
768.0800000000002,137,14
153.94,11,308
1839.0700000000004,83,16
546.8100000000001,30,53
721.9599999999998,46,23
1070.71,73,1
652.7400000000001,33,10
145.0,6,360
422.70000000000005,9,359
706.6999999999999,23,0
888.86,49,53
3540.1000000000017,260,0
2385.0000000000023,394,0
293.45000000000005,15,120
223.36,9,53
164.39999999999998,13,279
76.5,3,176
897.6200000000003,75,29
98.42000000000002,9,25
570.4,26,8
170.75,25,269
645.9599999999999,145,42
-11.8,2,371
-141.48000000000002,17,217
148.86,6,23
267.16000000000014,42,196
306.84,43,358
909.9599999999999,51,42
1487.6,2,129
1952.4499999999998,88,0
483.25999999999993,106,19
157.9,6,205
541.4599999999999,34,13
854.9500000000002,27,94
167.61999999999998,46,18
1107.3799999999999,64,13
454.0099999999999,49,23
901.2100000000007,152,7
4012.559999999999,177,6
344.13999999999993,29,331
1498.5100000000014,299,49
226.75,12,70
362.8999999999999,26,28
185.64999999999998,8,242
3457.7799999999975,417,7
124.73999999999998,6,190
440.1999999999999,52,4
215.72000000000003,45,252
10736.109999999991,452,0
175.27,29,235
1227.3000000000002,36,6
1133.0700000000004,214,108
1240.2000000000003,23,99
2404.170000000001,253,59
1479.22,201,1
2215.020000000001,167,72
3911.5599999999995,215,3
993.1799999999995,50,84
388.7900000000001,83,11
2827.929999999999,270,22
2044.3700000000003,55,213
161.67000000000002,13,17
116.01,9,238
5050.769999999997,565,1
-1165.2999999999997,15,49
309.36,63,216
193.42000000000007,59,32
1103.9200000000003,238,40
3947.8699999999994,582,3
1992.759999999999,142,52
4509.37,319,22
390.0699999999999,100,56
329.6,14,129
571.2,3,173
971.5800000000002,78,5
218.52000000000004,77,311
81.44,4,59
1336.1,27,20
527.05,33,32
843.4799999999997,50,14
2047.0000000000011,315,17
75.75000000000001,5,80
1784.1200000000008,124,5
503.59999999999985,26,169
528.33,39,1
1242.3399999999997,72,30
2361.9700000000034,297,35
265.93000000000006,24,8
547.06,35,30
108.5,7,275
621.6600000000001,5,86
712.2900000000002,40,119
101.55000000000001,8,372
2768.9799999999996,169,0
995.6599999999997,54,218
133.06,7,64
1789.55,92,60
861.74,53,134
166.07999999999998,8,20
3886.670000000001,239,11
4737.1299999999965,270,24
1175.88,50,28
117.54999999999998,22,276
2571.7400000000025,93,10
1674.69,82,72
485.87999999999994,23,10
2954.7500000000014,161,3
196.0,45,140
1788.27,90,25
604.64,43,18
728.1599999999999,18,3
2055.5099999999993,117,65
347.74999999999994,15,0
3406.7200000000003,68,42
205.7,11,227
1284.0800000000002,61,15
3106.6200000000003,115,43
1622.2200000000016,228,0
551.0400000000001,27,73
20098.09999999997,721,0
1383.2700000000004,79,3
16219.22,321,1
298.10999999999996,16,263
1992.1100000000006,30,52
184.39999999999998,11,23
2459.3300000000004,119,9
239.41,15,43
3191.5299999999993,130,16
5739.460000000007,286,6
4748.450000000001,258,29
290.40000000000003,19,357
733.4399999999999,47,126
187.02,18,135
283.12000000000006,15,141
765.34,35,131
2201.050000000001,126,37
338.95000000000005,19,235
154.95000000000002,8,260
2508.89,146,16
417.95000000000005,24,252
1719.7200000000003,80,29
798.7399999999999,55,34
885.1899999999998,31,168
1781.1199999999992,108,2
10097.369999999995,395,3
152.39999999999998,5,184
267.08000000000004,35,187
137.45,7,169
385.1,23,10
522.91,29,44
153.0,10,320
326.4,1,200
5505.790000000001,254,22
139.35,6,231
5367.800000000004,278,37
1195.94,50,25
2380.6399999999994,120,95
3276.4,10,126
995.6500000000002,45,57
3371.1300000000006,198,15
1042.55,67,8
2515.680000000001,169,3
5288.829999999997,220,2
878.2000000000002,83,78
303.97,18,372
692.1899999999998,35,38
700.63,43,53
13110.019999999991,690,1
337.4899999999999,26,8
168.24,10,8
1863.3500000000001,99,18
2786.05,48,11
355.11,15,112
2291.079999999999,137,3
98.80000000000001,8,234
64.65,2,99
674.5199999999999,35,177
1797.5699999999997,193,4
80.64,1,358
1739.9199999999994,93,0
5585.4899999999925,742,0
3456.7000000000025,412,18
834.9899999999998,95,16
287.59,25,21
712.78,19,32
15.0,1,262
818.8200000000002,75,50
371.87999999999994,57,158
271.20000000000005,21,14
2273.1800000000003,105,7
3960.6299999999997,313,12
1143.2699999999995,38,198
245.81,54,56
182.76999999999998,53,10
1215.4600000000003,157,96
56.4,3,254
665.86,194,24
642.17,84,20
188.01999999999998,12,158
283.4699999999997,67,71
131.94000000000003,13,52
278.74,72,84
1865.1899999999994,134,152
1117.9,5,73
225.9,14,280
1965.5500000000013,190,26
106.1,10,29
323.03999999999996,58,24
350.3899999999999,46,179
697.9000000000002,82,39
780.4300000000003,111,21
3026.0799999999967,410,21
1199.01,104,36
1251.84,147,81
512.31,10,73
546.0399999999998,43,10
4627.619999999998,64,15
7677.709999999991,872,3
732.1600000000001,141,12
1714.6000000000024,378,13
36.55999999999999,17,36
387.6799999999999,33,3
3661.069999999999,49,71
-24.049999999999997,5,190
298.4,13,50
1995.460000000001,220,4
1599.9700000000007,82,8
889.24,30,298
398.7,23,1
35.400000000000006,2,32
155.3700000000001,61,49
350.63999999999993,61,2
110.21,24,46
1560.5300000000007,172,41
2312.7000000000007,137,26
338.80000000000007,56,41
40340.78000000009,7983,1
205.48000000000002,37,302
51.56,5,106
2033.1,1,84
901.2000000000003,51,80
605.8,26,217
5288.630000000009,312,301
114.34,24,11
311.26,15,184
208.96999999999997,17,372
1393.7900000000002,17,1
26763.339999999997,56,2
5155.659999999998,199,5
148.21,25,304
252.79999999999998,58,368
2059.2000000000007,223,2
330.9,11,323
3159.9999999999995,148,58
597.5000000000002,102,12
10158.539999999994,389,30
325.7,10,142
622.7500000000002,81,29
428.1799999999999,40,106
1889.400000000002,280,1
155.89999999999998,10,204
1764.3600000000004,46,79
658.2600000000002,47,184
237.61,12,169
379.45000000000005,26,43
178.51999999999998,6,173
458.91999999999985,26,364
133.35000000000002,8,303
671.7699999999994,145,2
717.4499999999994,117,3
190.18999999999997,64,11
899.6099999999999,109,31
111.35,10,128
525.78,81,18
203.87,21,211
602.0900000000005,94,322
203.85999999999993,34,161
244.10000000000002,28,55
112.25000000000004,16,224
1119.8100000000004,193,71
97.99999999999997,16,43
256.32,2,22
541.0999999999999,115,172
152.06,28,84
155.79999999999998,32,158
14.999999999999993,11,164
110.38000000000001,19,28
178.91999999999993,39,20
800.24,34,70
72.9,12,246
243.2799999999999,58,373
366.23,39,8
295.61000000000007,40,309
411.6,59,58
336.4299999999999,80,3
341.2799999999999,94,44
1304.04,23,87
4204.0999999999885,696,3
826.5200000000003,145,63
207.50000000000003,1,281
2894.33,38,0
244.08,1,372
397.29,21,132
212.54000000000005,23,44
834.5,6,10
1740.4799999999998,39,35
408.36,65,133
1331.5699999999997,90,28
704.25,21,51
145.79,29,137
389.8399999999999,77,4
4301.22,43,8
99.14000000000003,12,159
1983.5800000000004,23,48
304.56,2,130
77.50000000000001,2,7
149.58,20,232
176.68,9,36
358.56000000000006,1,146
52750.84000000001,79,0
472.12000000000006,72,71
990.8400000000003,21,39
2295.370000000001,489,4
557.3,19,198
12.75,1,248
111.67999999999998,31,65
508.4599999999999,7,116
73.78,26,170
1296.4400000000012,249,20
102.82999999999998,35,141
471.6999999999999,104,31
2622.569999999998,329,37
1098.43,68,37
123.07000000000002,48,371
277.34999999999997,85,373
228.2,14,165
582.5899999999999,31,210
136.04,31,241
337.04,15,51
740.7899999999995,179,24
4393.6100000000015,297,14
353.18999999999994,65,371
288.14,21,28
300.91999999999996,12,364
737.8100000000001,147,35
811.4499999999999,30,165
152.68000000000006,48,144
634.9499999999999,23,21
20.8,1,55
198.57,13,184
191.17,39,11
630.84,29,236
93.35,5,224
629.6899999999999,84,121
76.1,2,281
1511.3000000000025,180,73
382.05999999999995,93,36
417.23,58,11
169.46999999999997,40,361
249.71999999999989,60,3
444.68,22,22
2116.19,30,69
252.24000000000004,33,234
174.79999999999998,14,256
102.79,28,372
187.29000000000005,31,154
166.42000000000002,32,27
120.03,46,3
1483.56,123,31
523.0,3,80
122.13999999999996,29,107
38.45,5,51
668.1100000000002,191,35
236.78000000000003,22,152
115.30999999999999,21,98
220.69999999999996,10,3
73.5,5,333
97.97000000000004,34,64
422.8800000000001,112,21
730.4000000000001,53,35
405.6199999999999,96,31
70.02,19,153
357.20000000000005,19,18
4161.139999999996,474,11
165.04999999999998,7,53
559.5099999999996,121,24
2085.649999999999,128,3
189.39999999999995,47,44
172.29000000000002,7,202
74.4,5,358
297.07000000000005,21,65
6752.14,363,6
363.65,19,287
170.16,3,9
296.71,21,8
2119.4099999999994,46,21
720.5200000000001,27,172
814.0,7,132
2380.080000000001,138,5
318.0,10,74
396.3300000000001,37,39
101.69999999999999,1,288
2021.8200000000004,472,25
453.0,25,257
-5.5067062021407764e-14,36,154
3864.440000000002,76,113
489.6,13,373
2538.7200000000007,153,22
2633.009999999999,227,7
336.13,29,216
3651.969999999997,127,44
1231.5,2,18
343.45,17,35
703.3699999999997,73,25
87.52999999999999,2,15
689.95,29,329
101.33999999999999,7,273
3770.12,7,97
167.66999999999996,39,60
9065.760000000002,90,1
2083.42,38,92
3017.2999999999993,70,81
580.05,21,312
911.1500000000001,213,11
2692.85,109,7
168.31000000000003,19,126
223.65,41,10
256438.49000000005,433,0
754.6400000000002,38,36
113.48000000000002,18,37
430.6999999999999,39,329
264.65,19,248
7925.319999999997,454,1
206.05,49,18
352.69,26,11
76.32000000000001,1,368
220.1,28,289
1418.0300000000013,378,67
320.71999999999997,74,25
5595.76999999997,1284,10
181.11999999999998,30,367
111.14999999999999,17,213
673.1000000000001,32,148
1826.2100000000016,364,7
589.4399999999999,36,23
1141.3399999999992,197,29
206.83000000000007,56,60
348.7299999999999,47,18
112.55,14,242
1045.7400000000002,71,8
715.4999999999999,2,210
681.9100000000001,20,28
761.8299999999998,39,62
152.65,8,294
8393.219999999996,162,16
-35.400000000000006,1,360
1014.8999999999999,18,150
1000.1599999999997,61,116
2888.750000000001,43,7
2861.5500000000006,221,12
160.35,10,140
179.33999999999997,7,45
612.08,16,50
566.5800000000002,37,31
653.3499999999999,38,134
399.18999999999994,21,2
347.82000000000005,28,74
734.94,140,12
451.7500000000001,35,8
530.1500000000002,23,300
638.0600000000002,39,56
1612.7899999999997,81,9
394.70000000000005,25,30
302.46000000000004,10,176
1355.51,43,3
1133.64,140,175
202.65000000000003,9,60
980.3100000000002,38,32
1208.5099999999995,56,58
7490.170000000001,197,14
2106.84,31,86
104.0,1,6
448.65,33,353
1314.1699999999994,75,30
1573.4099999999996,99,113
1793.1700000000008,90,8
1843.75,119,4
382.79999999999995,44,23
600.5200000000001,44,217
49.8,1,14
304.25,17,248
1998.49,72,14
1084.34,69,77
274.51,16,191
207.79999999999998,7,261
957.9699999999999,45,71
212.96000000000004,18,150
895.9999999999999,9,63
689.1300000000003,141,94
5083.060000000003,166,3
163.8,32,105
1396.9900000000007,68,199
160.42000000000002,19,156
1979.3,202,70
517.36,32,35
139.10000000000002,8,28
2621.379999999999,134,1
600.07,42,25
248.41999999999993,43,325
232.48000000000002,15,236
299.34000000000003,13,88
481.75,26,30
621.75,31,28
626.38,24,205
2019.7700000000004,115,2
297.78000000000003,4,219
1033.31,65,21
443.0,19,92
6315.230000000003,299,1
158.95000000000002,10,263
5361.02,286,2
5192.100000000004,245,38
93.75,5,217
769.1999999999999,32,49
7276.900000000001,164,11
2716.5999999999995,89,8
2066.170000000001,126,191
582.47,40,81
440.0,1,325
1796.48,104,71
882.24,49,29
987.0999999999998,61,2
1561.6099999999997,88,218
422.58000000000004,6,45
2058.090000000001,105,9
2232.49,78,71
2507.5599999999995,177,6
596.0999999999999,4,23
783.02,49,113
95.34,8,16
342.92,22,300
4314.719999999999,16,86
526.6699999999996,98,50
103.3,6,88
-50.1,4,354
2265.38,123,38
2338.600000000001,42,24
2595.000000000001,140,172
324.23999999999995,21,42
149.48,13,139
1211.0800000000002,62,22
801.5100000000001,46,71
0.0,2,133
138.89999999999998,8,357
238.95000000000005,13,37
3064.78,170,2
204.0,3,1
1.2434497875801753e-14,22,17
323.3599999999999,16,20
97.63,9,57
173.89999999999998,9,73
180.6,10,277
80.82,7,180
176.59999999999997,13,7
2094.880000000003,756,3
1837.2799999999997,70,42
